“G•Ò¬ID,“GŠÍ‘à–¼,ŠCˆæ,ŠCˆæ,ƒZƒ‹,“ïˆÕ“x,wŒ`,ŠÍ–ºŒoŒ±’l,ID#01,ID#02,ID#03,ID#04,ID#05,ID#06,ID#07,ID#08,ID#09,ID#10,ID#11,ID#12,ŠÍ–¼#01,ŠÍ–¼#02,ŠÍ–¼#03,ŠÍ–¼#04,ŠÍ–¼#05,ŠÍ–¼#06,ŠÍ–¼#07,ŠÍ–¼#08,ŠÍ–¼#09,ŠÍ–¼#10,ŠÍ–¼#11,ŠÍ–¼#12,Lv#01,Lv#02,Lv#03,Lv#04,Lv#05,Lv#06,Lv#07,Lv#08,Lv#09,Lv#10,Lv#11,Lv#12
f7888ede959d3190,“G’ã@ŠÍ,1,1,1,‚È‚µ,’Pcw,30,1501,-1,-1,-1,-1,-1,-1,-1,-1,-1,-1,-1,‹ì’€ƒC‹‰,-,-,-,-,-,-,-,-,-,-,-,1,-1,-1,-1,-1,-1,-1,-1,-1,-1,-1,-1
216e621ac69e2821,“G’ã@ŠÍ,1,1,1,‚È‚µ,’Pcw,30,1502,-1,-1,-1,-1,-1,-1,-1,-1,-1,-1,-1,‹ì’€ƒ‹‰,-,-,-,-,-,-,-,-,-,-,-,1,-1,-1,-1,-1,-1,-1,-1,-1,-1,-1,-1
ffbaae23be1d7e8c,“G’ã@ŠÍ,1,1,1,‚È‚µ,’Pcw,30,1503,-1,-1,-1,-1,-1,-1,-1,-1,-1,-1,-1,‹ì’€ƒn‹‰,-,-,-,-,-,-,-,-,-,-,-,1,-1,-1,-1,-1,-1,-1,-1,-1,-1,-1,-1
14eff646c9d11ca7,“G‚Í‚®‚êŠÍ‘à,1,1,2,‚È‚µ,’Pcw,30,1501,1501,-1,-1,-1,-1,-1,-1,-1,-1,-1,-1,‹ì’€ƒC‹‰,‹ì’€ƒC‹‰,-,-,-,-,-,-,-,-,-,-,1,1,-1,-1,-1,-1,-1,-1,-1,-1,-1,-1
01be46c0e840e19f,“G‚Í‚®‚êŠÍ‘à,1,1,2,‚È‚µ,’Pcw,30,1502,1501,-1,-1,-1,-1,-1,-1,-1,-1,-1,-1,‹ì’€ƒ‹‰,‹ì’€ƒC‹‰,-,-,-,-,-,-,-,-,-,-,1,1,-1,-1,-1,-1,-1,-1,-1,-1,-1,-1
b2507fecc0c1fe2e,“G‚Í‚®‚êŠÍ‘à,1,1,2,‚È‚µ,’Pcw,30,1503,1503,-1,-1,-1,-1,-1,-1,-1,-1,-1,-1,‹ì’€ƒn‹‰,‹ì’€ƒn‹‰,-,-,-,-,-,-,-,-,-,-,1,1,-1,-1,-1,-1,-1,-1,-1,-1,-1,-1
50ffc163770cd945,“Gå—ÍŠÍ‘à,1,1,3,‚È‚µ,’Pcw,30,1505,1501,1501,-1,-1,-1,-1,-1,-1,-1,-1,-1,Œy„ƒz‹‰,‹ì’€ƒC‹‰,‹ì’€ƒC‹‰,-,-,-,-,-,-,-,-,-,1,1,1,-1,-1,-1,-1,-1,-1,-1,-1,-1
ba178d25f794b97d,“Gå—ÍŠÍ‘à,1,1,3,‚È‚µ,’Pcw,30,1505,1502,1502,-1,-1,-1,-1,-1,-1,-1,-1,-1,Œy„ƒz‹‰,‹ì’€ƒ‹‰,‹ì’€ƒ‹‰,-,-,-,-,-,-,-,-,-,1,1,1,-1,-1,-1,-1,-1,-1,-1,-1,-1
30a48a28e8ab032c,“Gå—ÍŠÍ‘à,1,1,3,‚È‚µ,’Pcw,30,1505,1503,1502,1502,-1,-1,-1,-1,-1,-1,-1,-1,Œy„ƒz‹‰,‹ì’€ƒn‹‰,‹ì’€ƒ‹‰,‹ì’€ƒ‹‰,-,-,-,-,-,-,-,-,1,1,1,1,-1,-1,-1,-1,-1,-1,-1,-1
c95cfed918ddbe7a,“G‘O‰qŠÍ‘à,1,2,1,‚È‚µ,’Pcw,50,1502,1501,-1,-1,-1,-1,-1,-1,-1,-1,-1,-1,‹ì’€ƒ‹‰,‹ì’€ƒC‹‰,-,-,-,-,-,-,-,-,-,-,1,1,-1,-1,-1,-1,-1,-1,-1,-1,-1,-1
8b7ffbde69bbbf5c,“Gå—ÍŠÍ‘à,1,2,3,‚È‚µ,’Pcw,50,1506,1505,1502,1501,1501,-1,-1,-1,-1,-1,-1,-1,Œy„ƒw‹‰,Œy„ƒz‹‰,‹ì’€ƒ‹‰,‹ì’€ƒC‹‰,‹ì’€ƒC‹‰,-,-,-,-,-,-,-,1,1,1,1,1,-1,-1,-1,-1,-1,-1,-1
b809734e0382ba4d,“G’ã@ŠÍ‘à,1,4,1,‚È‚µ,•¡cw,100,1509,1506,1502,1502,-1,-1,-1,-1,-1,-1,-1,-1,d„ƒŠ‹‰,Œy„ƒw‹‰,‹ì’€ƒ‹‰,‹ì’€ƒ‹‰,-,-,-,-,-,-,-,-,1,1,1,1,-1,-1,-1,-1,-1,-1,-1,-1
f8c3cfcdd60e9b7a,“G‘O‰qŠÍ‘à,1,4,7,‚È‚µ,—ÖŒ`w,100,1510,1510,1509,1502,1502,-1,-1,-1,-1,-1,-1,-1,Œy•êƒk‹‰,Œy•êƒk‹‰,d„ƒŠ‹‰,‹ì’€ƒ‹‰,‹ì’€ƒ‹‰,-,-,-,-,-,-,-,1,1,1,1,1,-1,-1,-1,-1,-1,-1,-1
61ad7c0130751e02,“G‹@“®•”‘à,1,4,12,‚È‚µ,—ÖŒ`w,100,1512,1510,1509,1506,1503,1503,-1,-1,-1,-1,-1,-1,‹ó•êƒ’‹‰,Œy•êƒk‹‰,d„ƒŠ‹‰,Œy„ƒw‹‰,‹ì’€ƒn‹‰,‹ì’€ƒn‹‰,-,-,-,-,-,-,1,1,1,1,1,1,-1,-1,-1,-1,-1,-1
4622193b207df25f,“G’ã@ö…ŠÍ,1,5,1,‚È‚µ,’Pcw,150,1532,-1,-1,-1,-1,-1,-1,-1,-1,-1,-1,-1,ö…ƒJ‹‰ elite,-,-,-,-,-,-,-,-,-,-,-,50,-1,-1,-1,-1,-1,-1,-1,-1,-1,-1,-1
52307860263ba924,“Gö…ŠÍ‘àAŒQ,1,5,2,‚È‚µ,’òŒ`w,150,1532,1530,1530,-1,-1,-1,-1,-1,-1,-1,-1,-1,ö…ƒJ‹‰ elite,ö…ƒJ‹‰,ö…ƒJ‹‰,-,-,-,-,-,-,-,-,-,50,50,50,-1,-1,-1,-1,-1,-1,-1,-1,-1
c578585b8301c610,“Gö…ŠÍ‘àCŒQ,1,5,4,‚È‚µ,’P‰¡w,150,1533,1532,1530,1530,-1,-1,-1,-1,-1,-1,-1,-1,ö…ƒˆ‹‰ elite,ö…ƒJ‹‰ elite,ö…ƒJ‹‰,ö…ƒJ‹‰,-,-,-,-,-,-,-,-,50,50,50,50,-1,-1,-1,-1,-1,-1,-1,-1
4f7fe613574bc6e8,“G’Ê¤”j‰óå—ÍŠÍ‘à,1,5,10,‚È‚µ,’òŒ`w,150,1535,1532,1532,1530,-1,-1,-1,-1,-1,-1,-1,-1,ö…ƒˆ‹‰ flagship,ö…ƒJ‹‰ elite,ö…ƒJ‹‰ elite,ö…ƒJ‹‰,-,-,-,-,-,-,-,-,50,50,50,50,-1,-1,-1,-1,-1,-1,-1,-1
9259c229c25cba2e,’Ê¤”j‰óö…ŠÍ‘à IIIŒQ,1,6,3,‚È‚µ,’òŒ`w,20,1532,1530,1530,-1,-1,-1,-1,-1,-1,-1,-1,-1,ö…ƒJ‹‰ elite,ö…ƒJ‹‰,ö…ƒJ‹‰,-,-,-,-,-,-,-,-,-,50,50,50,-1,-1,-1,-1,-1,-1,-1,-1,-1
9b1fe16b11c692fd,’Ê¤”j‰óö…ŠÍ‘à IIIŒQ,1,6,3,‚È‚µ,’òŒ`w,30,1532,1530,1530,1530,-1,-1,-1,-1,-1,-1,-1,-1,ö…ƒJ‹‰ elite,ö…ƒJ‹‰,ö…ƒJ‹‰,ö…ƒJ‹‰,-,-,-,-,-,-,-,-,50,50,50,50,-1,-1,-1,-1,-1,-1,-1,-1
f904c73c247e0aba,’Ê¤”j‰óö…ŠÍ‘à IIIŒQ,1,6,3,‚È‚µ,’òŒ`w,40,1532,1530,1530,1530,1530,-1,-1,-1,-1,-1,-1,-1,ö…ƒJ‹‰ elite,ö…ƒJ‹‰,ö…ƒJ‹‰,ö…ƒJ‹‰,ö…ƒJ‹‰,-,-,-,-,-,-,-,50,50,50,50,50,-1,-1,-1,-1,-1,-1,-1
b2d499b146232b68,’Ê¤”j‰óö…ŠÍ‘à IIIŒQ,1,6,3,‚È‚µ,’òŒ`w,50,1532,1532,1530,1530,1530,-1,-1,-1,-1,-1,-1,-1,ö…ƒJ‹‰ elite,ö…ƒJ‹‰ elite,ö…ƒJ‹‰,ö…ƒJ‹‰,ö…ƒJ‹‰,-,-,-,-,-,-,-,50,50,50,50,50,-1,-1,-1,-1,-1,-1,-1
bb12e7a03628409b,”C–±•”‘àx‰‡ …ã‘ÅŒ‚•”‘à,1,6,6,‚È‚µ,’Pcw,90,1527,1522,1520,1575,1501,1501,-1,-1,-1,-1,-1,-1,d„ƒŠ‹‰ flagship,d„ƒŠ‹‰ elite,Œy„ƒg‹‰ elite,‹ì’€ƒC‹‰ŒãŠúŒ^,‹ì’€ƒC‹‰,‹ì’€ƒC‹‰,-,-,-,-,-,-,1,1,1,1,1,1,-1,-1,-1,-1,-1,-1
a25643b7c6afbb78,”C–±•”‘àAŒQ ‹@“®•”‘à(‘æˆê”g),1,6,8,‚È‚µ,—ÖŒ`w,100,1560,1523,1592,1501,1501,1501,-1,-1,-1,-1,-1,-1,Œy•êƒk‹‰ flagship,Œy•êƒk‹‰ elite,Œy„ƒc‹‰ elite,‹ì’€ƒC‹‰,‹ì’€ƒC‹‰,‹ì’€ƒC‹‰,-,-,-,-,-,-,1,1,1,1,1,1,-1,-1,-1,-1,-1,-1
16db1c7e605d71f3,’Ê¤”j‰óö…ŠÍ‘à IŒQ,1,6,10,‚È‚µ,’òŒ`w,40,1535,1532,1532,1530,1530,-1,-1,-1,-1,-1,-1,-1,ö…ƒˆ‹‰ flagship,ö…ƒJ‹‰ elite,ö…ƒJ‹‰ elite,ö…ƒJ‹‰,ö…ƒJ‹‰,-,-,-,-,-,-,-,50,50,50,50,50,-1,-1,-1,-1,-1,-1,-1
67acf3bc8c70da96,”C–±•”‘àCŒQ ‹@“®•”‘à,1,6,12,‚È‚µ,—ÖŒ`w,50,1525,1522,1501,1501,1501,1501,-1,-1,-1,-1,-1,-1,‹ó•êƒ’‹‰ elite,d„ƒŠ‹‰ elite,‹ì’€ƒC‹‰,‹ì’€ƒC‹‰,‹ì’€ƒC‹‰,‹ì’€ƒC‹‰,-,-,-,-,-,-,1,1,1,1,1,1,-1,-1,-1,-1,-1,-1
4322c9159bf446b4,”C–±•”‘àCŒQ ‹@“®•”‘à,1,6,12,‚È‚µ,—ÖŒ`w,60,1528,1522,1501,1501,1501,1501,-1,-1,-1,-1,-1,-1,‹ó•êƒ’‹‰ flagship,d„ƒŠ‹‰ elite,‹ì’€ƒC‹‰,‹ì’€ƒC‹‰,‹ì’€ƒC‹‰,‹ì’€ƒC‹‰,-,-,-,-,-,-,1,1,1,1,1,1,-1,-1,-1,-1,-1,-1
61bb0626d76fdbd6,”C–±•”‘àCŒQ ‹@“®•”‘à,1,6,12,‚È‚µ,—ÖŒ`w,60,1560,1523,1522,1501,1501,1501,-1,-1,-1,-1,-1,-1,Œy•êƒk‹‰ flagship,Œy•êƒk‹‰ elite,d„ƒŠ‹‰ elite,‹ì’€ƒC‹‰,‹ì’€ƒC‹‰,‹ì’€ƒC‹‰,-,-,-,-,-,-,1,1,1,1,1,1,-1,-1,-1,-1,-1,-1
e314f84df6f165a6,”C–±•”‘àCŒQ ‹@“®•”‘à,1,6,12,‚È‚µ,—ÖŒ`w,80,1528,1525,1592,1501,1501,1501,-1,-1,-1,-1,-1,-1,‹ó•êƒ’‹‰ flagship,‹ó•êƒ’‹‰ elite,Œy„ƒc‹‰ elite,‹ì’€ƒC‹‰,‹ì’€ƒC‹‰,‹ì’€ƒC‹‰,-,-,-,-,-,-,1,1,1,1,1,1,-1,-1,-1,-1,-1,-1
24b793d2cfb60c62,”C–±•”‘àCŒQ ‘O‰q•”‘à,1,6,13,‚È‚µ,’Pcw,120,1555,1575,1575,1501,1501,1501,-1,-1,-1,-1,-1,-1,Œy„ƒw‹‰ flagship,‹ì’€ƒC‹‰ŒãŠúŒ^,‹ì’€ƒC‹‰ŒãŠúŒ^,‹ì’€ƒC‹‰,‹ì’€ƒC‹‰,‹ì’€ƒC‹‰,-,-,-,-,-,-,1,1,1,1,1,1,-1,-1,-1,-1,-1,-1
1d13918072daa5f4,”C–±•”‘àCŒQ ‘O‰q•”‘à,1,6,13,‚È‚µ,’Pcw,130,1555,1575,1575,1575,1501,1501,-1,-1,-1,-1,-1,-1,Œy„ƒw‹‰ flagship,‹ì’€ƒC‹‰ŒãŠúŒ^,‹ì’€ƒC‹‰ŒãŠúŒ^,‹ì’€ƒC‹‰ŒãŠúŒ^,‹ì’€ƒC‹‰,‹ì’€ƒC‹‰,-,-,-,-,-,-,1,1,1,1,1,1,-1,-1,-1,-1,-1,-1
5ca9d10c76c1f60d,”C–±•”‘àCŒQ ‘O‰q•”‘à,1,6,13,‚È‚µ,’Pcw,140,1555,1523,1575,1575,1501,1501,-1,-1,-1,-1,-1,-1,Œy„ƒw‹‰ flagship,Œy•êƒk‹‰ elite,‹ì’€ƒC‹‰ŒãŠúŒ^,‹ì’€ƒC‹‰ŒãŠúŒ^,‹ì’€ƒC‹‰,‹ì’€ƒC‹‰,-,-,-,-,-,-,1,1,1,1,1,1,-1,-1,-1,-1,-1,-1
c629fdf106e0a6c2,”C–±•”‘àCŒQ ‘O‰q•”‘à,1,6,13,‚È‚µ,’Pcw,150,1527,1555,1575,1575,1501,1501,-1,-1,-1,-1,-1,-1,d„ƒŠ‹‰ flagship,Œy„ƒw‹‰ flagship,‹ì’€ƒC‹‰ŒãŠúŒ^,‹ì’€ƒC‹‰ŒãŠúŒ^,‹ì’€ƒC‹‰,‹ì’€ƒC‹‰,-,-,-,-,-,-,1,1,1,1,1,1,-1,-1,-1,-1,-1,-1
073f6e873e404346,”C–±•”‘àAŒQ ‹@“®•”‘à(‘æ“ñ”g),1,6,16,‚È‚µ,—ÖŒ`w,150,1579,1523,1523,1592,1575,1575,-1,-1,-1,-1,-1,-1,‹ó•êƒ’‹‰ flagship,Œy•êƒk‹‰ elite,Œy•êƒk‹‰ elite,Œy„ƒc‹‰ elite,‹ì’€ƒC‹‰ŒãŠúŒ^,‹ì’€ƒC‹‰ŒãŠúŒ^,-,-,-,-,-,-,1,1,1,1,1,1,-1,-1,-1,-1,-1,-1
af0c8c72048fb41b,“G…—‹í‘à,2,2,1,‚È‚µ,’Pcw,150,1508,1508,1503,1502,1502,1502,-1,-1,-1,-1,-1,-1,—‹„ƒ`‹‰,—‹„ƒ`‹‰,‹ì’€ƒn‹‰,‹ì’€ƒ‹‰,‹ì’€ƒ‹‰,‹ì’€ƒ‹‰,-,-,-,-,-,-,1,1,1,1,1,1,-1,-1,-1,-1,-1,-1
92273e1d7c3f2352,“G…—‹í‘à,2,2,1,‚È‚µ,’P‰¡w,150,1506,1506,1502,1502,1501,1501,-1,-1,-1,-1,-1,-1,Œy„ƒw‹‰,Œy„ƒw‹‰,‹ì’€ƒ‹‰,‹ì’€ƒ‹‰,‹ì’€ƒC‹‰,‹ì’€ƒC‹‰,-,-,-,-,-,-,1,1,1,1,1,1,-1,-1,-1,-1,-1,-1
61dd97f777cc5fba,“G‰^‘—‘D’c,2,2,4,‚È‚µ,•¡cw,150,1511,1517,1504,1513,1513,1513,-1,-1,-1,-1,-1,-1,íŠÍƒ‹‹‰,‹ì’€ƒj‹‰ elite,‹ì’€ƒj‹‰,—A‘—ƒ‹‰,—A‘—ƒ‹‰,—A‘—ƒ‹‰,-,-,-,-,-,-,1,1,1,1,1,1,-1,-1,-1,-1,-1,-1
0ca449ead56eb502,“G‰^‘—‘D’c,2,2,4,‚È‚µ,•¡cw,150,1511,1520,1504,1504,1513,1513,-1,-1,-1,-1,-1,-1,íŠÍƒ‹‹‰,Œy„ƒg‹‰ elite,‹ì’€ƒj‹‰,‹ì’€ƒj‹‰,—A‘—ƒ‹‰,—A‘—ƒ‹‰,-,-,-,-,-,-,1,1,1,1,1,1,-1,-1,-1,-1,-1,-1
8734da10d46e74c2,“G‰^‘—‘D’c,2,2,6,‚È‚µ,•¡cw,150,1511,1520,1504,1504,1513,1513,-1,-1,-1,-1,-1,-1,íŠÍƒ‹‹‰,Œy„ƒg‹‰ elite,‹ì’€ƒj‹‰,‹ì’€ƒj‹‰,—A‘—ƒ‹‰,—A‘—ƒ‹‰,-,-,-,-,-,-,1,1,1,1,1,1,-1,-1,-1,-1,-1,-1
d40121f01e0e5a7f,“G’Ê¤”j‰óŠÍ‘à,2,2,7,‚È‚µ,’Pcw,150,1522,1509,1521,1506,1504,1504,-1,-1,-1,-1,-1,-1,d„ƒŠ‹‰ elite,d„ƒŠ‹‰,—‹„ƒ`‹‰ elite,Œy„ƒw‹‰,‹ì’€ƒj‹‰,‹ì’€ƒj‹‰,-,-,-,-,-,-,1,1,1,1,1,1,-1,-1,-1,-1,-1,-1
f4a9ee2f361a5da1,“G„—mŠÍ‘à,2,3,1,‚È‚µ,’Pcw,200,1509,1508,1520,1506,1502,1502,-1,-1,-1,-1,-1,-1,d„ƒŠ‹‰,—‹„ƒ`‹‰,Œy„ƒg‹‰ elite,Œy„ƒw‹‰,‹ì’€ƒ‹‰,‹ì’€ƒ‹‰,-,-,-,-,-,-,1,1,1,1,1,1,-1,-1,-1,-1,-1,-1
b9987179e216b1c2,“G„—mŠÍ‘à,2,3,1,‚È‚µ,’Pcw,200,1521,1507,1505,1505,1501,1501,-1,-1,-1,-1,-1,-1,—‹„ƒ`‹‰ elite,Œy„ƒg‹‰,Œy„ƒz‹‰,Œy„ƒz‹‰,‹ì’€ƒC‹‰,‹ì’€ƒC‹‰,-,-,-,-,-,-,1,1,1,1,1,1,-1,-1,-1,-1,-1,-1
3be289bda1369a6c,“G„—mŠÍ‘à,2,3,1,‚È‚µ,•¡cw,200,1522,1509,1507,1506,1503,1503,-1,-1,-1,-1,-1,-1,d„ƒŠ‹‰ elite,d„ƒŠ‹‰,Œy„ƒg‹‰,Œy„ƒw‹‰,‹ì’€ƒn‹‰,‹ì’€ƒn‹‰,-,-,-,-,-,-,1,1,1,1,1,1,-1,-1,-1,-1,-1,-1
ee0e3dc1e87e615e,“G‹­P—g—¤ŠÍ‘à,2,3,3,‚È‚µ,’Pcw,200,1511,1510,1510,1509,1513,1513,-1,-1,-1,-1,-1,-1,íŠÍƒ‹‹‰,Œy•êƒk‹‰,Œy•êƒk‹‰,d„ƒŠ‹‰,—A‘—ƒ‹‰,—A‘—ƒ‹‰,-,-,-,-,-,-,1,1,1,1,1,1,-1,-1,-1,-1,-1,-1
7e5ba5797a83b7ba,“G‹­P—g—¤ŠÍ‘à,2,3,3,‚È‚µ,•¡cw,200,1509,1510,1510,1506,1513,1513,-1,-1,-1,-1,-1,-1,d„ƒŠ‹‰,Œy•êƒk‹‰,Œy•êƒk‹‰,Œy„ƒw‹‰,—A‘—ƒ‹‰,—A‘—ƒ‹‰,-,-,-,-,-,-,1,1,1,1,1,1,-1,-1,-1,-1,-1,-1
0909b84c4d848b7c,“G‹­P—g—¤ŠÍ‘à,2,3,3,‚È‚µ,—ÖŒ`w,200,1512,1511,1510,1510,1513,1513,-1,-1,-1,-1,-1,-1,‹ó•êƒ’‹‰,íŠÍƒ‹‹‰,Œy•êƒk‹‰,Œy•êƒk‹‰,—A‘—ƒ‹‰,—A‘—ƒ‹‰,-,-,-,-,-,-,1,1,1,1,1,1,-1,-1,-1,-1,-1,-1
60f8126a2cbad20a,“G„—mŠÍ‘à,2,3,5,‚È‚µ,’Pcw,200,1509,1508,1520,1506,1502,1502,-1,-1,-1,-1,-1,-1,d„ƒŠ‹‰,—‹„ƒ`‹‰,Œy„ƒg‹‰ elite,Œy„ƒw‹‰,‹ì’€ƒ‹‰,‹ì’€ƒ‹‰,-,-,-,-,-,-,1,1,1,1,1,1,-1,-1,-1,-1,-1,-1
afa0572f2220b0f4,“G„—mŠÍ‘à,2,3,5,‚È‚µ,’Pcw,200,1521,1507,1505,1505,1501,1501,-1,-1,-1,-1,-1,-1,—‹„ƒ`‹‰ elite,Œy„ƒg‹‰,Œy„ƒz‹‰,Œy„ƒz‹‰,‹ì’€ƒC‹‰,‹ì’€ƒC‹‰,-,-,-,-,-,-,1,1,1,1,1,1,-1,-1,-1,-1,-1,-1
e1635e8946b24c9d,“G„—mŠÍ‘à,2,3,5,‚È‚µ,•¡cw,200,1522,1509,1507,1506,1503,1503,-1,-1,-1,-1,-1,-1,d„ƒŠ‹‰ elite,d„ƒŠ‹‰,Œy„ƒg‹‰,Œy„ƒw‹‰,‹ì’€ƒn‹‰,‹ì’€ƒn‹‰,-,-,-,-,-,-,1,1,1,1,1,1,-1,-1,-1,-1,-1,-1
0257c46ffc4addae,“G‹­P—g—¤ŠÍ‘à,2,3,9,‚È‚µ,’Pcw,200,1511,1510,1510,1509,1513,1513,-1,-1,-1,-1,-1,-1,íŠÍƒ‹‹‰,Œy•êƒk‹‰,Œy•êƒk‹‰,d„ƒŠ‹‰,—A‘—ƒ‹‰,—A‘—ƒ‹‰,-,-,-,-,-,-,1,1,1,1,1,1,-1,-1,-1,-1,-1,-1
eeacbcd3076b1bb7,“G‹­P—g—¤ŠÍ‘à,2,3,9,‚È‚µ,•¡cw,200,1509,1510,1510,1506,1513,1513,-1,-1,-1,-1,-1,-1,d„ƒŠ‹‰,Œy•êƒk‹‰,Œy•êƒk‹‰,Œy„ƒw‹‰,—A‘—ƒ‹‰,—A‘—ƒ‹‰,-,-,-,-,-,-,1,1,1,1,1,1,-1,-1,-1,-1,-1,-1
8c94915351687eec,“G‹­P—g—¤ŠÍ‘à,2,3,9,‚È‚µ,—ÖŒ`w,200,1512,1511,1510,1510,1513,1513,-1,-1,-1,-1,-1,-1,‹ó•êƒ’‹‰,íŠÍƒ‹‹‰,Œy•êƒk‹‰,Œy•êƒk‹‰,—A‘—ƒ‹‰,—A‘—ƒ‹‰,-,-,-,-,-,-,1,1,1,1,1,1,-1,-1,-1,-1,-1,-1
0c870496e7285d2d,“G‹­P—g—¤ŠÍ‘à,2,3,10,‚È‚µ,’Pcw,200,1511,1510,1510,1509,1513,1513,-1,-1,-1,-1,-1,-1,íŠÍƒ‹‹‰,Œy•êƒk‹‰,Œy•êƒk‹‰,d„ƒŠ‹‰,—A‘—ƒ‹‰,—A‘—ƒ‹‰,-,-,-,-,-,-,1,1,1,1,1,1,-1,-1,-1,-1,-1,-1
b510a7371dfc5cbd,“G‹­P—g—¤ŠÍ‘à,2,3,10,‚È‚µ,•¡cw,200,1509,1510,1510,1506,1513,1513,-1,-1,-1,-1,-1,-1,d„ƒŠ‹‰,Œy•êƒk‹‰,Œy•êƒk‹‰,Œy„ƒw‹‰,—A‘—ƒ‹‰,—A‘—ƒ‹‰,-,-,-,-,-,-,1,1,1,1,1,1,-1,-1,-1,-1,-1,-1
282c9f0dc86aedf0,“G‹­P—g—¤ŠÍ‘à,2,3,10,‚È‚µ,—ÖŒ`w,200,1512,1511,1510,1510,1513,1513,-1,-1,-1,-1,-1,-1,‹ó•êƒ’‹‰,íŠÍƒ‹‹‰,Œy•êƒk‹‰,Œy•êƒk‹‰,—A‘—ƒ‹‰,—A‘—ƒ‹‰,-,-,-,-,-,-,1,1,1,1,1,1,-1,-1,-1,-1,-1,-1
bf40aa93d1b15354,“Gå—Í‘ÅŒ‚ŒQ,2,3,11,‚È‚µ,’Pcw,200,1525,1512,1511,1509,1509,1504,-1,-1,-1,-1,-1,-1,‹ó•êƒ’‹‰ elite,‹ó•êƒ’‹‰,íŠÍƒ‹‹‰,d„ƒŠ‹‰,d„ƒŠ‹‰,‹ì’€ƒj‹‰,-,-,-,-,-,-,1,1,1,1,1,1,-1,-1,-1,-1,-1,-1
fef9fdf53d755241,“Gå—Í‘ÅŒ‚ŒQ,2,3,11,‚È‚µ,•¡cw,200,1524,1511,1512,1509,1506,1506,-1,-1,-1,-1,-1,-1,íŠÍƒ‹‹‰ elite,íŠÍƒ‹‹‰,‹ó•êƒ’‹‰,d„ƒŠ‹‰,Œy„ƒw‹‰,Œy„ƒw‹‰,-,-,-,-,-,-,1,1,1,1,1,1,-1,-1,-1,-1,-1,-1
d06c8441f71ab903,“Gå—Í‘ÅŒ‚ŒQ,2,3,11,‚È‚µ,—ÖŒ`w,200,1511,1522,1512,1508,1508,1507,-1,-1,-1,-1,-1,-1,íŠÍƒ‹‹‰,d„ƒŠ‹‰ elite,‹ó•êƒ’‹‰,—‹„ƒ`‹‰,—‹„ƒ`‹‰,Œy„ƒg‹‰,-,-,-,-,-,-,1,1,1,1,1,1,-1,-1,-1,-1,-1,-1
525028dc342f098f,“G…—‹í‘à,2,5,1,‚È‚µ,’Pcw,250,1555,1552,1552,1521,1514,1514,-1,-1,-1,-1,-1,-1,Œy„ƒw‹‰ flagship,‹ì’€ƒ‹‰ flagship,‹ì’€ƒ‹‰ flagship,—‹„ƒ`‹‰ elite,‹ì’€ƒC‹‰ elite,‹ì’€ƒC‹‰ elite,-,-,-,-,-,-,1,1,1,1,1,1,-1,-1,-1,-1,-1,-1
280f7af59825cffc,“G…—‹í‘à,2,5,1,‚È‚µ,’Pcw,250,1555,1559,1559,1552,1514,1514,-1,-1,-1,-1,-1,-1,Œy„ƒw‹‰ flagship,—‹„ƒ`‹‰ flagship,—‹„ƒ`‹‰ flagship,‹ì’€ƒ‹‰ flagship,‹ì’€ƒC‹‰ elite,‹ì’€ƒC‹‰ elite,-,-,-,-,-,-,1,1,1,1,1,1,-1,-1,-1,-1,-1,-1
3b46b5009fef6c6a,“G„—mŠÍ‘à,2,5,5,‚È‚µ,’Pcw,250,1527,1522,1522,1555,1516,1516,-1,-1,-1,-1,-1,-1,d„ƒŠ‹‰ flagship,d„ƒŠ‹‰ elite,d„ƒŠ‹‰ elite,Œy„ƒw‹‰ flagship,‹ì’€ƒn‹‰ elite,‹ì’€ƒn‹‰ elite,-,-,-,-,-,-,1,1,1,1,1,1,-1,-1,-1,-1,-1,-1
a1de5172feafc32d,“Gå—ÍŠÍ‘à,2,5,12,‚È‚µ,’Pcw,250,1543,1524,1524,1555,1517,1517,-1,-1,-1,-1,-1,-1,íŠÍƒ^‹‰ flagship,íŠÍƒ‹‹‰ elite,íŠÍƒ‹‹‰ elite,Œy„ƒw‹‰ flagship,‹ì’€ƒj‹‰ elite,‹ì’€ƒj‹‰ elite,-,-,-,-,-,-,1,1,1,1,1,1,-1,-1,-1,-1,-1,-1
2e4008b13434297d,“Gå—ÍŠÍ‘à,2,5,12,‚È‚µ,’Pcw,250,1543,1529,1524,1522,1517,1517,-1,-1,-1,-1,-1,-1,íŠÍƒ^‹‰ flagship,íŠÍƒ‹‹‰ flagship,íŠÍƒ‹‹‰ elite,d„ƒŠ‹‰ elite,‹ì’€ƒj‹‰ elite,‹ì’€ƒj‹‰ elite,-,-,-,-,-,-,1,1,1,1,1,1,-1,-1,-1,-1,-1,-1
56fe3a828d0814b3,“G…—‹í‘à,3,2,1,‚È‚µ,•¡cw,320,1521,1508,1508,1552,1502,1502,-1,-1,-1,-1,-1,-1,—‹„ƒ`‹‰ elite,—‹„ƒ`‹‰,—‹„ƒ`‹‰,‹ì’€ƒ‹‰ flagship,‹ì’€ƒ‹‰,‹ì’€ƒ‹‰,-,-,-,-,-,-,1,1,1,1,1,1,-1,-1,-1,-1,-1,-1
32c5b278017fbd2b,“G…ã‘ÅŒ‚ŠÍ‘à,3,2,4,‚È‚µ,’Pcw,320,1524,1522,1522,1520,1516,1516,-1,-1,-1,-1,-1,-1,íŠÍƒ‹‹‰ elite,d„ƒŠ‹‰ elite,d„ƒŠ‹‰ elite,Œy„ƒg‹‰ elite,‹ì’€ƒn‹‰ elite,‹ì’€ƒn‹‰ elite,-,-,-,-,-,-,1,1,1,1,1,1,-1,-1,-1,-1,-1,-1
acda4b5586948d86,“GƒLƒX“‡•ïˆÍŠÍ‘à,3,2,8,‚È‚µ,•¡cw,320,1554,1507,1504,1504,1526,1526,-1,-1,-1,-1,-1,-1,Œy„ƒz‹‰ flagship,Œy„ƒg‹‰,‹ì’€ƒj‹‰,‹ì’€ƒj‹‰,—A‘—ƒ‹‰ elite,—A‘—ƒ‹‰ elite,-,-,-,-,-,-,1,1,1,1,1,1,-1,-1,-1,-1,-1,-1
30fd013cbb8ba758,“G‘O‰qŠÍ‘à,3,3,1,‚È‚µ,’Pcw,330,1555,1518,1518,1515,1514,1514,-1,-1,-1,-1,-1,-1,Œy„ƒw‹‰ flagship,Œy„ƒz‹‰ elite,Œy„ƒz‹‰ elite,‹ì’€ƒ‹‰ elite,‹ì’€ƒC‹‰ elite,‹ì’€ƒC‹‰ elite,-,-,-,-,-,-,1,1,1,1,1,1,-1,-1,-1,-1,-1,-1
5490edce0ad8ec3b,“G‘O‰qŠÍ‘à,3,3,1,‚È‚µ,’Pcw,330,1555,1522,1520,1521,1515,1515,-1,-1,-1,-1,-1,-1,Œy„ƒw‹‰ flagship,d„ƒŠ‹‰ elite,Œy„ƒg‹‰ elite,—‹„ƒ`‹‰ elite,‹ì’€ƒ‹‰ elite,‹ì’€ƒ‹‰ elite,-,-,-,-,-,-,1,1,1,1,1,1,-1,-1,-1,-1,-1,-1
36ccc23fd3b1a38e,“G‘O‰qŠÍ‘à,3,3,1,‚È‚µ,•¡cw,330,1555,1520,1520,1518,1515,1515,-1,-1,-1,-1,-1,-1,Œy„ƒw‹‰ flagship,Œy„ƒg‹‰ elite,Œy„ƒg‹‰ elite,Œy„ƒz‹‰ elite,‹ì’€ƒ‹‰ elite,‹ì’€ƒ‹‰ elite,-,-,-,-,-,-,1,1,1,1,1,1,-1,-1,-1,-1,-1,-1
3c1be4184b376dd2,“GŒì‰q‹ó•êŒQ,3,3,3,‚È‚µ,’Pcw,330,1523,1523,1523,1527,1552,1516,-1,-1,-1,-1,-1,-1,Œy•êƒk‹‰ elite,Œy•êƒk‹‰ elite,Œy•êƒk‹‰ elite,d„ƒŠ‹‰ flagship,‹ì’€ƒ‹‰ flagship,‹ì’€ƒn‹‰ elite,-,-,-,-,-,-,1,1,1,1,1,1,-1,-1,-1,-1,-1,-1
acda8c227237ebac,“GŒì‰q‹ó•êŒQ,3,3,3,‚È‚µ,’Pcw,330,1523,1523,1523,1554,1516,1516,-1,-1,-1,-1,-1,-1,Œy•êƒk‹‰ elite,Œy•êƒk‹‰ elite,Œy•êƒk‹‰ elite,Œy„ƒz‹‰ flagship,‹ì’€ƒn‹‰ elite,‹ì’€ƒn‹‰ elite,-,-,-,-,-,-,1,1,1,1,1,1,-1,-1,-1,-1,-1,-1
19c9492c301e53b8,“GŒì‰q‹ó•êŒQ,3,3,3,‚È‚µ,’òŒ`w,330,1523,1523,1523,1554,1517,1517,-1,-1,-1,-1,-1,-1,Œy•êƒk‹‰ elite,Œy•êƒk‹‰ elite,Œy•êƒk‹‰ elite,Œy„ƒz‹‰ flagship,‹ì’€ƒj‹‰ elite,‹ì’€ƒj‹‰ elite,-,-,-,-,-,-,1,1,1,1,1,1,-1,-1,-1,-1,-1,-1
b20793a083352326,“G‹ó•ê‹@“®•”‘à,3,3,7,‚È‚µ,•¡cw,330,1528,1525,1523,1524,1519,1553,-1,-1,-1,-1,-1,-1,‹ó•êƒ’‹‰ flagship,‹ó•êƒ’‹‰ elite,Œy•êƒk‹‰ elite,íŠÍƒ‹‹‰ elite,Œy„ƒw‹‰ elite,‹ì’€ƒn‹‰ flagship,-,-,-,-,-,-,1,1,1,1,1,1,-1,-1,-1,-1,-1,-1
7bc64c5a6666c5b6,“G‹ó•ê‹@“®•”‘à,3,3,7,‚È‚µ,•¡cw,330,1528,1525,1523,1524,1554,1517,-1,-1,-1,-1,-1,-1,‹ó•êƒ’‹‰ flagship,‹ó•êƒ’‹‰ elite,Œy•êƒk‹‰ elite,íŠÍƒ‹‹‰ elite,Œy„ƒz‹‰ flagship,‹ì’€ƒj‹‰ elite,-,-,-,-,-,-,1,1,1,1,1,1,-1,-1,-1,-1,-1,-1
05fbdd7ae9a58ccf,[ŠC±ŠÍ”‘’nŠÍ‘à,3,3,11,‚È‚µ,’Pcw,330,1525,1525,1529,1554,1517,1516,-1,-1,-1,-1,-1,-1,‹ó•êƒ’‹‰ elite,‹ó•êƒ’‹‰ elite,íŠÍƒ‹‹‰ flagship,Œy„ƒz‹‰ flagship,‹ì’€ƒj‹‰ elite,‹ì’€ƒn‹‰ elite,-,-,-,-,-,-,1,1,1,1,1,1,-1,-1,-1,-1,-1,-1
46fd510d760d41d6,[ŠC±ŠÍ”‘’nŠÍ‘à,3,3,11,‚È‚µ,•¡cw,330,1525,1525,1529,1555,1517,1517,-1,-1,-1,-1,-1,-1,‹ó•êƒ’‹‰ elite,‹ó•êƒ’‹‰ elite,íŠÍƒ‹‹‰ flagship,Œy„ƒw‹‰ flagship,‹ì’€ƒj‹‰ elite,‹ì’€ƒj‹‰ elite,-,-,-,-,-,-,1,1,1,1,1,1,-1,-1,-1,-1,-1,-1
103a23b0bb471784,“G‹ó•ê‹@“®•”‘à,3,3,12,‚È‚µ,•¡cw,330,1528,1523,1523,1524,1552,1517,-1,-1,-1,-1,-1,-1,‹ó•êƒ’‹‰ flagship,Œy•êƒk‹‰ elite,Œy•êƒk‹‰ elite,íŠÍƒ‹‹‰ elite,‹ì’€ƒ‹‰ flagship,‹ì’€ƒj‹‰ elite,-,-,-,-,-,-,1,1,1,1,1,1,-1,-1,-1,-1,-1,-1
54bf68fc49c59de3,“G‹ó•ê‹@“®•”‘à,3,3,12,‚È‚µ,•¡cw,330,1528,1525,1523,1524,1519,1553,-1,-1,-1,-1,-1,-1,‹ó•êƒ’‹‰ flagship,‹ó•êƒ’‹‰ elite,Œy•êƒk‹‰ elite,íŠÍƒ‹‹‰ elite,Œy„ƒw‹‰ elite,‹ì’€ƒn‹‰ flagship,-,-,-,-,-,-,1,1,1,1,1,1,-1,-1,-1,-1,-1,-1
f1b18f79dd0f18d8,“G‹ó•ê‹@“®•”‘à,3,3,12,‚È‚µ,•¡cw,330,1528,1525,1523,1524,1554,1517,-1,-1,-1,-1,-1,-1,‹ó•êƒ’‹‰ flagship,‹ó•êƒ’‹‰ elite,Œy•êƒk‹‰ elite,íŠÍƒ‹‹‰ elite,Œy„ƒz‹‰ flagship,‹ì’€ƒj‹‰ elite,-,-,-,-,-,-,1,1,1,1,1,1,-1,-1,-1,-1,-1,-1
14f8b756172489a6,[ŠC±ŠÍ”‘’nŠÍ‘à,3,3,13,‚È‚µ,’Pcw,330,1525,1525,1529,1554,1517,1516,-1,-1,-1,-1,-1,-1,‹ó•êƒ’‹‰ elite,‹ó•êƒ’‹‰ elite,íŠÍƒ‹‹‰ flagship,Œy„ƒz‹‰ flagship,‹ì’€ƒj‹‰ elite,‹ì’€ƒn‹‰ elite,-,-,-,-,-,-,1,1,1,1,1,1,-1,-1,-1,-1,-1,-1
80af0be56c65a32c,[ŠC±ŠÍ”‘’nŠÍ‘à,3,3,13,‚È‚µ,•¡cw,330,1525,1525,1529,1555,1517,1517,-1,-1,-1,-1,-1,-1,‹ó•êƒ’‹‰ elite,‹ó•êƒ’‹‰ elite,íŠÍƒ‹‹‰ flagship,Œy„ƒw‹‰ flagship,‹ì’€ƒj‹‰ elite,‹ì’€ƒj‹‰ elite,-,-,-,-,-,-,1,1,1,1,1,1,-1,-1,-1,-1,-1,-1
029af803f8ae1bdf,–k•û‘O‰qŒx‰ú•”‘à,3,5,1,‚È‚µ,’Pcw,400,1554,1527,1542,1521,1575,1575,-1,-1,-1,-1,-1,-1,Œy„ƒz‹‰ flagship,d„ƒŠ‹‰ flagship,íŠÍƒ^‹‰ elite,—‹„ƒ`‹‰ elite,‹ì’€ƒC‹‰ŒãŠúŒ^,‹ì’€ƒC‹‰ŒãŠúŒ^,-,-,-,-,-,-,1,1,1,1,1,1,-1,-1,-1,-1,-1,-1
c9ba0ec91d032258,–k•û‘O‰qŒx‰ú•”‘à,3,5,1,‚È‚µ,•¡cw,400,1554,1542,1522,1522,1575,1575,-1,-1,-1,-1,-1,-1,Œy„ƒz‹‰ flagship,íŠÍƒ^‹‰ elite,d„ƒŠ‹‰ elite,d„ƒŠ‹‰ elite,‹ì’€ƒC‹‰ŒãŠúŒ^,‹ì’€ƒC‹‰ŒãŠúŒ^,-,-,-,-,-,-,1,1,1,1,1,1,-1,-1,-1,-1,-1,-1
82c5895341292190,–k•û”hŒ­”C–±•”‘à,3,5,4,‚È‚µ,—ÖŒ`w,400,1565,1579,1528,1543,1576,1576,-1,-1,-1,-1,-1,-1,‹ó•êƒ’‹‰‰ü flagship,‹ó•êƒ’‹‰ flagship,‹ó•êƒ’‹‰ flagship,íŠÍƒ^‹‰ flagship,‹ì’€ƒ‹‰ŒãŠúŒ^,‹ì’€ƒ‹‰ŒãŠúŒ^,-,-,-,-,-,-,1,1,1,1,1,1,-1,-1,-1,-1,-1,-1
5414faa935addb48,–k•û”hŒ­”C–±•”‘à,3,5,4,‚È‚µ,—ÖŒ`w,400,1579,1528,1543,1522,1575,1575,-1,-1,-1,-1,-1,-1,‹ó•êƒ’‹‰ flagship,‹ó•êƒ’‹‰ flagship,íŠÍƒ^‹‰ flagship,d„ƒŠ‹‰ elite,‹ì’€ƒC‹‰ŒãŠúŒ^,‹ì’€ƒC‹‰ŒãŠúŒ^,-,-,-,-,-,-,1,1,1,1,1,1,-1,-1,-1,-1,-1,-1
783fc9d509afcb4f,–k•û”hŒ­”C–±•”‘à,3,5,4,‚È‚µ,—ÖŒ`w,400,1579,1528,1543,1522,1576,1576,-1,-1,-1,-1,-1,-1,‹ó•êƒ’‹‰ flagship,‹ó•êƒ’‹‰ flagship,íŠÍƒ^‹‰ flagship,d„ƒŠ‹‰ elite,‹ì’€ƒ‹‰ŒãŠúŒ^,‹ì’€ƒ‹‰ŒãŠúŒ^,-,-,-,-,-,-,1,1,1,1,1,1,-1,-1,-1,-1,-1,-1
49d35b4b60c37b79,–k•ûAL”‘’n,3,5,8,‚È‚µ,—ÖŒ`w,400,1587,1549,1550,1527,1576,1576,-1,-1,-1,-1,-1,-1,–k•û±•P,Œì‰q—vÇ,Œì‰q—vÇ,d„ƒŠ‹‰ flagship,‹ì’€ƒ‹‰ŒãŠúŒ^,‹ì’€ƒ‹‰ŒãŠúŒ^,-,-,-,-,-,-,1,1,1,1,1,1,-1,-1,-1,-1,-1,-1
8f01d3f3b163ece7,–k•ûAL”‘’n,3,5,8,‚È‚µ,—ÖŒ`w,400,1587,1549,1550,1551,1550,1551,-1,-1,-1,-1,-1,-1,–k•û±•P,Œì‰q—vÇ,Œì‰q—vÇ,Œì‰q—vÇ,Œì‰q—vÇ,Œì‰q—vÇ,-,-,-,-,-,-,1,1,1,1,1,1,-1,-1,-1,-1,-1,-1
a94d1615e38b9d27,–k•ûAL”‘’n,3,5,8,‚È‚µ,—ÖŒ`w,400,1588,1549,1550,1551,1550,1551,-1,-1,-1,-1,-1,-1,–k•û±•P,Œì‰q—vÇ,Œì‰q—vÇ,Œì‰q—vÇ,Œì‰q—vÇ,Œì‰q—vÇ,-,-,-,-,-,-,1,1,1,1,1,1,-1,-1,-1,-1,-1,-1
18138347b74664f2,–k•û‘‰‡•”‘àå—Í,3,5,15,‚È‚µ,’Pcw,400,1591,1526,1526,1543,1576,1576,-1,-1,-1,-1,-1,-1,Œy„ƒc‹‰,—A‘—ƒ‹‰ elite,—A‘—ƒ‹‰ elite,íŠÍƒ^‹‰ flagship,‹ì’€ƒ‹‰ŒãŠúŒ^,‹ì’€ƒ‹‰ŒãŠúŒ^,-,-,-,-,-,-,1,1,1,1,1,1,-1,-1,-1,-1,-1,-1
fcf34e56fd00a3d4,–k•û‘‰‡•”‘àå—Í,3,5,15,‚È‚µ,’Pcw,400,1591,1558,1558,1543,1578,1578,-1,-1,-1,-1,-1,-1,Œy„ƒc‹‰,—A‘—ƒ‹‰ flagship,—A‘—ƒ‹‰ flagship,íŠÍƒ^‹‰ flagship,‹ì’€ƒj‹‰ŒãŠúŒ^,‹ì’€ƒj‹‰ŒãŠúŒ^,-,-,-,-,-,-,1,1,1,1,1,1,-1,-1,-1,-1,-1,-1
c7ee5bdcbe3e37c4,–k•û‘‰‡•”‘àå—Í,3,5,15,‚È‚µ,•¡cw,400,1591,1526,1526,1529,1576,1576,-1,-1,-1,-1,-1,-1,Œy„ƒc‹‰,—A‘—ƒ‹‰ elite,—A‘—ƒ‹‰ elite,íŠÍƒ‹‹‰ flagship,‹ì’€ƒ‹‰ŒãŠúŒ^,‹ì’€ƒ‹‰ŒãŠúŒ^,-,-,-,-,-,-,1,1,1,1,1,1,-1,-1,-1,-1,-1,-1
0500bfd814b67e6f,“Gö…‹³“±ŠÍ‘à,4,2,1,‚È‚µ,’òŒ`w,320,1533,1531,1530,1519,1514,1514,-1,-1,-1,-1,-1,-1,ö…ƒˆ‹‰ elite,ö…ƒˆ‹‰,ö…ƒJ‹‰,Œy„ƒw‹‰ elite,‹ì’€ƒC‹‰ elite,‹ì’€ƒC‹‰ elite,-,-,-,-,-,-,50,50,50,1,1,1,-1,-1,-1,-1,-1,-1
794a5412c59c925f,“Gö…‹³“±ŠÍ‘à,4,2,1,‚È‚µ,’òŒ`w,320,1533,1531,1531,1532,1530,1530,-1,-1,-1,-1,-1,-1,ö…ƒˆ‹‰ elite,ö…ƒˆ‹‰,ö…ƒˆ‹‰,ö…ƒJ‹‰ elite,ö…ƒJ‹‰,ö…ƒJ‹‰,-,-,-,-,-,-,50,50,50,50,50,50,-1,-1,-1,-1,-1,-1
48f25e4554a04be1,“Gö…‹³“±ŠÍ‘à,4,2,1,‚È‚µ,’P‰¡w,320,1533,1531,1532,1530,1519,1514,-1,-1,-1,-1,-1,-1,ö…ƒˆ‹‰ elite,ö…ƒˆ‹‰,ö…ƒJ‹‰ elite,ö…ƒJ‹‰,Œy„ƒw‹‰ elite,‹ì’€ƒC‹‰ elite,-,-,-,-,-,-,50,50,50,50,1,1,-1,-1,-1,-1,-1,-1
ea30f0ad5c33c258,“G‘O‰qŠÍ‘à,4,2,2,‚È‚µ,’Pcw,320,1527,1521,1521,1520,1517,1517,-1,-1,-1,-1,-1,-1,d„ƒŠ‹‰ flagship,—‹„ƒ`‹‰ elite,—‹„ƒ`‹‰ elite,Œy„ƒg‹‰ elite,‹ì’€ƒj‹‰ elite,‹ì’€ƒj‹‰ elite,-,-,-,-,-,-,1,1,1,1,1,1,-1,-1,-1,-1,-1,-1
8c0a98fa6b75103e,“G‘O‰qŠÍ‘à,4,2,2,‚È‚µ,’Pcw,320,1555,1522,1520,1516,1515,1515,-1,-1,-1,-1,-1,-1,Œy„ƒw‹‰ flagship,d„ƒŠ‹‰ elite,Œy„ƒg‹‰ elite,‹ì’€ƒn‹‰ elite,‹ì’€ƒ‹‰ elite,‹ì’€ƒ‹‰ elite,-,-,-,-,-,-,1,1,1,1,1,1,-1,-1,-1,-1,-1,-1
13f9d9a6cdb68347,“G‘O‰qŠÍ‘à,4,2,2,‚È‚µ,•¡cw,320,1554,1522,1520,1516,1515,1515,-1,-1,-1,-1,-1,-1,Œy„ƒz‹‰ flagship,d„ƒŠ‹‰ elite,Œy„ƒg‹‰ elite,‹ì’€ƒn‹‰ elite,‹ì’€ƒ‹‰ elite,‹ì’€ƒ‹‰ elite,-,-,-,-,-,-,1,1,1,1,1,1,-1,-1,-1,-1,-1,-1
199aacfeab9e433b,“G‹ó•ê‹@“®•”‘à,4,2,7,‚È‚µ,—ÖŒ`w,320,1523,1523,1523,1554,1514,1514,-1,-1,-1,-1,-1,-1,Œy•êƒk‹‰ elite,Œy•êƒk‹‰ elite,Œy•êƒk‹‰ elite,Œy„ƒz‹‰ flagship,‹ì’€ƒC‹‰ elite,‹ì’€ƒC‹‰ elite,-,-,-,-,-,-,1,1,1,1,1,1,-1,-1,-1,-1,-1,-1
2a4339edd0d41a28,“G‹ó•ê‹@“®•”‘à,4,2,7,‚È‚µ,—ÖŒ`w,320,1525,1523,1523,1554,1515,1515,-1,-1,-1,-1,-1,-1,‹ó•êƒ’‹‰ elite,Œy•êƒk‹‰ elite,Œy•êƒk‹‰ elite,Œy„ƒz‹‰ flagship,‹ì’€ƒ‹‰ elite,‹ì’€ƒ‹‰ elite,-,-,-,-,-,-,1,1,1,1,1,1,-1,-1,-1,-1,-1,-1
d2128d6c419fe606,“G‹ó•ê‹@“®•”‘à,4,2,7,‚È‚µ,—ÖŒ`w,320,1528,1525,1520,1517,1516,1516,-1,-1,-1,-1,-1,-1,‹ó•êƒ’‹‰ flagship,‹ó•êƒ’‹‰ elite,Œy„ƒg‹‰ elite,‹ì’€ƒj‹‰ elite,‹ì’€ƒn‹‰ elite,‹ì’€ƒn‹‰ elite,-,-,-,-,-,-,1,1,1,1,1,1,-1,-1,-1,-1,-1,-1
8a7d16b11131c1b3,“G•â‹‹‘D’c,4,2,8,‚È‚µ,•¡cw,320,1526,1513,1513,1527,1517,1517,-1,-1,-1,-1,-1,-1,—A‘—ƒ‹‰ elite,—A‘—ƒ‹‰,—A‘—ƒ‹‰,d„ƒŠ‹‰ flagship,‹ì’€ƒj‹‰ elite,‹ì’€ƒj‹‰ elite,-,-,-,-,-,-,1,1,1,1,1,1,-1,-1,-1,-1,-1,-1
68b8a125e57fd882,“G•â‹‹‘D’c,4,2,8,‚È‚µ,•¡cw,320,1526,1513,1513,1554,1517,1517,-1,-1,-1,-1,-1,-1,—A‘—ƒ‹‰ elite,—A‘—ƒ‹‰,—A‘—ƒ‹‰,Œy„ƒz‹‰ flagship,‹ì’€ƒj‹‰ elite,‹ì’€ƒj‹‰ elite,-,-,-,-,-,-,1,1,1,1,1,1,-1,-1,-1,-1,-1,-1
68c16051918cf60c,“G•â‹‹‘D’c,4,2,8,‚È‚µ,—ÖŒ`w,320,1555,1513,1513,1523,1517,1517,-1,-1,-1,-1,-1,-1,Œy„ƒw‹‰ flagship,—A‘—ƒ‹‰,—A‘—ƒ‹‰,Œy•êƒk‹‰ elite,‹ì’€ƒj‹‰ elite,‹ì’€ƒj‹‰ elite,-,-,-,-,-,-,1,1,1,1,1,1,-1,-1,-1,-1,-1,-1
458a0c2c37935bd3,“G‹ó•ê‹@“®•”‘à,4,2,11,‚È‚µ,—ÖŒ`w,320,1523,1523,1523,1554,1514,1514,-1,-1,-1,-1,-1,-1,Œy•êƒk‹‰ elite,Œy•êƒk‹‰ elite,Œy•êƒk‹‰ elite,Œy„ƒz‹‰ flagship,‹ì’€ƒC‹‰ elite,‹ì’€ƒC‹‰ elite,-,-,-,-,-,-,1,1,1,1,1,1,-1,-1,-1,-1,-1,-1
f1d9a81f7383b3b8,“G‹ó•ê‹@“®•”‘à,4,2,11,‚È‚µ,—ÖŒ`w,320,1525,1523,1523,1554,1515,1515,-1,-1,-1,-1,-1,-1,‹ó•êƒ’‹‰ elite,Œy•êƒk‹‰ elite,Œy•êƒk‹‰ elite,Œy„ƒz‹‰ flagship,‹ì’€ƒ‹‰ elite,‹ì’€ƒ‹‰ elite,-,-,-,-,-,-,1,1,1,1,1,1,-1,-1,-1,-1,-1,-1
b9ee3545dd8b0168,“G‹ó•ê‹@“®•”‘à,4,2,11,‚È‚µ,—ÖŒ`w,320,1528,1525,1520,1517,1516,1516,-1,-1,-1,-1,-1,-1,‹ó•êƒ’‹‰ flagship,‹ó•êƒ’‹‰ elite,Œy„ƒg‹‰ elite,‹ì’€ƒj‹‰ elite,‹ì’€ƒn‹‰ elite,‹ì’€ƒn‹‰ elite,-,-,-,-,-,-,1,1,1,1,1,1,-1,-1,-1,-1,-1,-1
2dfe675ecb9f5c27,“Œ•ûå—ÍŠÍ‘à,4,2,13,‚È‚µ,’Pcw,320,1529,1528,1522,1520,1515,1515,-1,-1,-1,-1,-1,-1,íŠÍƒ‹‹‰ flagship,‹ó•êƒ’‹‰ flagship,d„ƒŠ‹‰ elite,Œy„ƒg‹‰ elite,‹ì’€ƒ‹‰ elite,‹ì’€ƒ‹‰ elite,-,-,-,-,-,-,1,1,1,1,1,1,-1,-1,-1,-1,-1,-1
25240227e8fd1c2a,“Œ•ûå—ÍŠÍ‘à,4,2,13,‚È‚µ,•¡cw,320,1529,1525,1554,1519,1515,1515,-1,-1,-1,-1,-1,-1,íŠÍƒ‹‹‰ flagship,‹ó•êƒ’‹‰ elite,Œy„ƒz‹‰ flagship,Œy„ƒw‹‰ elite,‹ì’€ƒ‹‰ elite,‹ì’€ƒ‹‰ elite,-,-,-,-,-,-,1,1,1,1,1,1,-1,-1,-1,-1,-1,-1
a328a478bab7fd7c,“Œ•ûå—ÍŠÍ‘à,4,2,13,‚È‚µ,—ÖŒ`w,320,1529,1525,1522,1554,1515,1515,-1,-1,-1,-1,-1,-1,íŠÍƒ‹‹‰ flagship,‹ó•êƒ’‹‰ elite,d„ƒŠ‹‰ elite,Œy„ƒz‹‰ flagship,‹ì’€ƒ‹‰ elite,‹ì’€ƒ‹‰ elite,-,-,-,-,-,-,1,1,1,1,1,1,-1,-1,-1,-1,-1,-1
a73ef1227a96c53c,“G‘O‰qŠÍ‘à,4,4,1,‚È‚µ,’Pcw,340,1529,1521,1521,1518,1514,1514,-1,-1,-1,-1,-1,-1,íŠÍƒ‹‹‰ flagship,—‹„ƒ`‹‰ elite,—‹„ƒ`‹‰ elite,Œy„ƒz‹‰ elite,‹ì’€ƒC‹‰ elite,‹ì’€ƒC‹‰ elite,-,-,-,-,-,-,1,1,1,1,1,1,-1,-1,-1,-1,-1,-1
344ddbf22e2ac1d3,“G‘O‰qŠÍ‘à,4,4,1,‚È‚µ,’Pcw,340,1555,1521,1521,1521,1516,1516,-1,-1,-1,-1,-1,-1,Œy„ƒw‹‰ flagship,—‹„ƒ`‹‰ elite,—‹„ƒ`‹‰ elite,—‹„ƒ`‹‰ elite,‹ì’€ƒn‹‰ elite,‹ì’€ƒn‹‰ elite,-,-,-,-,-,-,1,1,1,1,1,1,-1,-1,-1,-1,-1,-1
3969150df39304d8,“G‘O‰qŠÍ‘à,4,4,1,‚È‚µ,•¡cw,340,1527,1554,1521,1520,1515,1515,-1,-1,-1,-1,-1,-1,d„ƒŠ‹‰ flagship,Œy„ƒz‹‰ flagship,—‹„ƒ`‹‰ elite,Œy„ƒg‹‰ elite,‹ì’€ƒ‹‰ elite,‹ì’€ƒ‹‰ elite,-,-,-,-,-,-,1,1,1,1,1,1,-1,-1,-1,-1,-1,-1
c87ee6bf72f3402e,“Gö…ŠÍ£‰úü,4,4,4,‚È‚µ,—ÖŒ`w,340,1532,1530,1530,1518,1523,1523,-1,-1,-1,-1,-1,-1,ö…ƒJ‹‰ elite,ö…ƒJ‹‰,ö…ƒJ‹‰,Œy„ƒz‹‰ elite,Œy•êƒk‹‰ elite,Œy•êƒk‹‰ elite,-,-,-,-,-,-,50,50,50,1,1,1,-1,-1,-1,-1,-1,-1
12335c21cfce458c,“Gö…ŠÍ£‰úü,4,4,4,‚È‚µ,’P‰¡w,340,1532,1530,1530,1530,-1,-1,-1,-1,-1,-1,-1,-1,ö…ƒJ‹‰ elite,ö…ƒJ‹‰,ö…ƒJ‹‰,ö…ƒJ‹‰,-,-,-,-,-,-,-,-,50,50,50,50,-1,-1,-1,-1,-1,-1,-1,-1
957f2fa4acf4ec4a,“Gö…ŠÍ£‰úü,4,4,4,‚È‚µ,’P‰¡w,340,1534,1532,1530,1530,-1,-1,-1,-1,-1,-1,-1,-1,ö…ƒJ‹‰ flagship,ö…ƒJ‹‰ elite,ö…ƒJ‹‰,ö…ƒJ‹‰,-,-,-,-,-,-,-,-,50,50,50,50,-1,-1,-1,-1,-1,-1,-1,-1
d5e66f480abfbd78,“G“Œ•û’†•ŠÍ‘à,4,4,10,‚È‚µ,•¡cw,340,1543,1555,1523,1526,1517,1533,-1,-1,-1,-1,-1,-1,íŠÍƒ^‹‰ flagship,Œy„ƒw‹‰ flagship,Œy•êƒk‹‰ elite,—A‘—ƒ‹‰ elite,‹ì’€ƒj‹‰ elite,ö…ƒˆ‹‰ elite,-,-,-,-,-,-,1,1,1,1,1,50,-1,-1,-1,-1,-1,-1
1a8771492a8567bf,“G“Œ•û’†•ŠÍ‘à,4,4,10,‚È‚µ,—ÖŒ`w,340,1544,1542,1523,1526,1552,1552,-1,-1,-1,-1,-1,-1,‘•b‹ó•ê‹S,íŠÍƒ^‹‰ elite,Œy•êƒk‹‰ elite,—A‘—ƒ‹‰ elite,‹ì’€ƒ‹‰ flagship,‹ì’€ƒ‹‰ flagship,-,-,-,-,-,-,1,1,1,1,1,1,-1,-1,-1,-1,-1,-1
32f6c28d2871787f,“G‹ó•ê‹@“®•”‘à,4,4,12,‚È‚µ,•¡cw,340,1528,1528,1524,1522,1517,1517,-1,-1,-1,-1,-1,-1,‹ó•êƒ’‹‰ flagship,‹ó•êƒ’‹‰ flagship,íŠÍƒ‹‹‰ elite,d„ƒŠ‹‰ elite,‹ì’€ƒj‹‰ elite,‹ì’€ƒj‹‰ elite,-,-,-,-,-,-,1,1,1,1,1,1,-1,-1,-1,-1,-1,-1
70b04a6e755c3a36,“G‹ó•ê‹@“®•”‘à,4,4,12,‚È‚µ,—ÖŒ`w,340,1528,1528,1523,1523,1517,1517,-1,-1,-1,-1,-1,-1,‹ó•êƒ’‹‰ flagship,‹ó•êƒ’‹‰ flagship,Œy•êƒk‹‰ elite,Œy•êƒk‹‰ elite,‹ì’€ƒj‹‰ elite,‹ì’€ƒj‹‰ elite,-,-,-,-,-,-,1,1,1,1,1,1,-1,-1,-1,-1,-1,-1
5d5bfd4f4b82ef90,“G“Œ•ûŠÍ‘àc‘¶•”‘à,4,4,14,‚È‚µ,•¡cw,340,1528,1523,1523,1520,1516,1516,-1,-1,-1,-1,-1,-1,‹ó•êƒ’‹‰ flagship,Œy•êƒk‹‰ elite,Œy•êƒk‹‰ elite,Œy„ƒg‹‰ elite,‹ì’€ƒn‹‰ elite,‹ì’€ƒn‹‰ elite,-,-,-,-,-,-,1,1,1,1,1,1,-1,-1,-1,-1,-1,-1
3e1340d80a67bf33,“G“Œ•ûŠÍ‘àc‘¶•”‘à,4,4,14,‚È‚µ,—ÖŒ`w,340,1529,1525,1523,1554,1516,1516,-1,-1,-1,-1,-1,-1,íŠÍƒ‹‹‰ flagship,‹ó•êƒ’‹‰ elite,Œy•êƒk‹‰ elite,Œy„ƒz‹‰ flagship,‹ì’€ƒn‹‰ elite,‹ì’€ƒn‹‰ elite,-,-,-,-,-,-,1,1,1,1,1,1,-1,-1,-1,-1,-1,-1
0ddd73ab3f7ce9af,[ŠC“Œ—m•û–Êö…ŠÍ‘à,4,5,6,‚È‚µ,’òŒ`w,210,1532,1532,1530,1530,-1,-1,-1,-1,-1,-1,-1,-1,ö…ƒJ‹‰ elite,ö…ƒJ‹‰ elite,ö…ƒJ‹‰,ö…ƒJ‹‰,-,-,-,-,-,-,-,-,50,50,50,50,-1,-1,-1,-1,-1,-1,-1,-1
8fd7a3c8d7b78101,[ŠC“Œ—m•û–Êö…ŠÍ‘à,4,5,6,‚È‚µ,’òŒ`w,220,1532,1532,1530,1530,1530,-1,-1,-1,-1,-1,-1,-1,ö…ƒJ‹‰ elite,ö…ƒJ‹‰ elite,ö…ƒJ‹‰,ö…ƒJ‹‰,ö…ƒJ‹‰,-,-,-,-,-,-,-,50,50,50,50,50,-1,-1,-1,-1,-1,-1,-1
6b4dae8261984f3d,[ŠC“Œ—m•û–Êö…ŠÍ‘à,4,5,6,‚È‚µ,’òŒ`w,220,1534,1532,1530,1530,-1,-1,-1,-1,-1,-1,-1,-1,ö…ƒJ‹‰ flagship,ö…ƒJ‹‰ elite,ö…ƒJ‹‰,ö…ƒJ‹‰,-,-,-,-,-,-,-,-,50,50,50,50,-1,-1,-1,-1,-1,-1,-1,-1
cfdbf103b8bc1f6f,[ŠC“Œ—m•û–Êö…ŠÍ‘à,4,5,6,‚È‚µ,’òŒ`w,230,1534,1532,1530,1530,1530,-1,-1,-1,-1,-1,-1,-1,ö…ƒJ‹‰ flagship,ö…ƒJ‹‰ elite,ö…ƒJ‹‰,ö…ƒJ‹‰,ö…ƒJ‹‰,-,-,-,-,-,-,-,50,50,50,50,50,-1,-1,-1,-1,-1,-1,-1
9b983b62c1ca780e,[ŠC“Œ—m•û–Ê‘‰‡ŠÍ‘à,4,5,10,‚È‚µ,•¡cw,320,1560,1543,1595,1592,1577,1577,-1,-1,-1,-1,-1,-1,Œy•êƒk‹‰ flagship,íŠÍƒ^‹‰ flagship,d„ƒl‹‰ elite,Œy„ƒc‹‰ elite,‹ì’€ƒn‹‰ŒãŠúŒ^,‹ì’€ƒn‹‰ŒãŠúŒ^,-,-,-,-,-,-,1,1,1,1,1,1,-1,-1,-1,-1,-1,-1
a46623250ac2d264,[ŠC“Œ—m•û–Ê‘‰‡ŠÍ‘à,4,5,10,‚È‚µ,—ÖŒ`w,310,1560,1543,1595,1591,1577,1576,-1,-1,-1,-1,-1,-1,Œy•êƒk‹‰ flagship,íŠÍƒ^‹‰ flagship,d„ƒl‹‰ elite,Œy„ƒc‹‰,‹ì’€ƒn‹‰ŒãŠúŒ^,‹ì’€ƒ‹‰ŒãŠúŒ^,-,-,-,-,-,-,1,1,1,1,1,1,-1,-1,-1,-1,-1,-1
6f1a14e50ecd4aa9,[ŠC“Œ—m•û–Ê‘‰‡ŠÍ‘à,4,5,10,‚È‚µ,—ÖŒ`w,320,1560,1543,1595,1592,1577,1577,-1,-1,-1,-1,-1,-1,Œy•êƒk‹‰ flagship,íŠÍƒ^‹‰ flagship,d„ƒl‹‰ elite,Œy„ƒc‹‰ elite,‹ì’€ƒn‹‰ŒãŠúŒ^,‹ì’€ƒn‹‰ŒãŠúŒ^,-,-,-,-,-,-,1,1,1,1,1,1,-1,-1,-1,-1,-1,-1
f9a649e9c7eb3e14,“Œ—m•û–Ê”½UæŒ­‘à,4,5,14,‚È‚µ,’Pcw,210,1543,1527,1527,1592,1577,1577,-1,-1,-1,-1,-1,-1,íŠÍƒ^‹‰ flagship,d„ƒŠ‹‰ flagship,d„ƒŠ‹‰ flagship,Œy„ƒc‹‰ elite,‹ì’€ƒn‹‰ŒãŠúŒ^,‹ì’€ƒn‹‰ŒãŠúŒ^,-,-,-,-,-,-,1,1,1,1,1,1,-1,-1,-1,-1,-1,-1
14648de097e3f748,“Œ—m•û–Ê”½UæŒ­‘à,4,5,14,‚È‚µ,•¡cw,210,1543,1527,1522,1592,1577,1577,-1,-1,-1,-1,-1,-1,íŠÍƒ^‹‰ flagship,d„ƒŠ‹‰ flagship,d„ƒŠ‹‰ elite,Œy„ƒc‹‰ elite,‹ì’€ƒn‹‰ŒãŠúŒ^,‹ì’€ƒn‹‰ŒãŠúŒ^,-,-,-,-,-,-,1,1,1,1,1,1,-1,-1,-1,-1,-1,-1
a2b1b3fb70ebd521,ƒŠƒ‰ƒ“ƒJ“‡`˜pç”õ‘à,4,5,19,‚È‚µ,’Pcw,400,1573,1550,1551,1567,1577,1577,-1,-1,-1,-1,-1,-1,`˜p±•P,Œì‰q—vÇ,Œì‰q—vÇ,íŠÍƒ‹‹‰‰ü flagship,‹ì’€ƒn‹‰ŒãŠúŒ^,‹ì’€ƒn‹‰ŒãŠúŒ^,-,-,-,-,-,-,1,1,1,1,1,1,-1,-1,-1,-1,-1,-1
647c7b1a9a623eba,ƒŠƒ‰ƒ“ƒJ“‡`˜pç”õ‘à,4,5,19,‚È‚µ,’Pcw,420,1613,1550,1567,1595,1558,1526,-1,-1,-1,-1,-1,-1,`˜p±•P,Œì‰q—vÇ,íŠÍƒ‹‹‰‰ü flagship,d„ƒl‹‰ elite,—A‘—ƒ‹‰ flagship,—A‘—ƒ‹‰ elite,-,-,-,-,-,-,1,1,1,1,1,1,-1,-1,-1,-1,-1,-1
882050ee60a38808,ƒŠƒ‰ƒ“ƒJ“‡`˜pç”õ‘à,4,5,19,‚È‚µ,’Pcw,440,1613,1549,1550,1567,1595,1558,-1,-1,-1,-1,-1,-1,`˜p±•P,Œì‰q—vÇ,Œì‰q—vÇ,íŠÍƒ‹‹‰‰ü flagship,d„ƒl‹‰ elite,—A‘—ƒ‹‰ flagship,-,-,-,-,-,-,1,1,1,1,1,1,-1,-1,-1,-1,-1,-1
49a1e2f18e93c33a,“G‘O‰q£‰úŠÍ‘à,5,1,2,‚È‚µ,’Pcw,360,1543,1555,1521,1521,1552,1532,-1,-1,-1,-1,-1,-1,íŠÍƒ^‹‰ flagship,Œy„ƒw‹‰ flagship,—‹„ƒ`‹‰ elite,—‹„ƒ`‹‰ elite,‹ì’€ƒ‹‰ flagship,ö…ƒJ‹‰ elite,-,-,-,-,-,-,1,1,1,1,1,50,-1,-1,-1,-1,-1,-1
80a37d8fb235e86a,“G‘O‰q£‰úŠÍ‘à,5,1,2,‚È‚µ,—ÖŒ`w,360,1523,1543,1527,1554,1517,1517,-1,-1,-1,-1,-1,-1,Œy•êƒk‹‰ elite,íŠÍƒ^‹‰ flagship,d„ƒŠ‹‰ flagship,Œy„ƒz‹‰ flagship,‹ì’€ƒj‹‰ elite,‹ì’€ƒj‹‰ elite,-,-,-,-,-,-,1,1,1,1,1,1,-1,-1,-1,-1,-1,-1
a909c73332988899,“G…ã‘ÅŒ‚•”‘à,5,1,5,‚È‚µ,’Pcw,360,1529,1555,1521,1521,1521,1552,-1,-1,-1,-1,-1,-1,íŠÍƒ‹‹‰ flagship,Œy„ƒw‹‰ flagship,—‹„ƒ`‹‰ elite,—‹„ƒ`‹‰ elite,—‹„ƒ`‹‰ elite,‹ì’€ƒ‹‰ flagship,-,-,-,-,-,-,1,1,1,1,1,1,-1,-1,-1,-1,-1,-1
7b8a0dcddcb8169e,“G…ã‘ÅŒ‚•”‘à,5,1,5,‚È‚µ,•¡cw,360,1523,1529,1529,1520,1517,1517,-1,-1,-1,-1,-1,-1,Œy•êƒk‹‰ elite,íŠÍƒ‹‹‰ flagship,íŠÍƒ‹‹‰ flagship,Œy„ƒg‹‰ elite,‹ì’€ƒj‹‰ elite,‹ì’€ƒj‹‰ elite,-,-,-,-,-,-,1,1,1,1,1,1,-1,-1,-1,-1,-1,-1
2c65de8d6420311b,“G‘Oüi—ßŠÍ‘à,5,1,9,‚È‚µ,—ÖŒ`w,360,1528,1543,1555,1517,1517,1534,-1,-1,-1,-1,-1,-1,‹ó•êƒ’‹‰ flagship,íŠÍƒ^‹‰ flagship,Œy„ƒw‹‰ flagship,‹ì’€ƒj‹‰ elite,‹ì’€ƒj‹‰ elite,ö…ƒJ‹‰ flagship,-,-,-,-,-,-,1,1,1,1,1,1,-1,-1,-1,-1,-1,-1
bd630b39edfb2a39,“GŒì‰q‹ó•êŒQ,5,1,12,‚È‚µ,—ÖŒ`w,360,1523,1523,1529,1554,1514,1514,-1,-1,-1,-1,-1,-1,Œy•êƒk‹‰ elite,Œy•êƒk‹‰ elite,íŠÍƒ‹‹‰ flagship,Œy„ƒz‹‰ flagship,‹ì’€ƒC‹‰ elite,‹ì’€ƒC‹‰ elite,-,-,-,-,-,-,1,1,1,1,1,1,-1,-1,-1,-1,-1,-1
21e5f27722222aef,“G‘O‰qŠÍ‘à,5,2,1,‚È‚µ,’Pcw,380,1527,1521,1521,1521,1552,1552,-1,-1,-1,-1,-1,-1,d„ƒŠ‹‰ flagship,—‹„ƒ`‹‰ elite,—‹„ƒ`‹‰ elite,—‹„ƒ`‹‰ elite,‹ì’€ƒ‹‰ flagship,‹ì’€ƒ‹‰ flagship,-,-,-,-,-,-,1,1,1,1,1,1,-1,-1,-1,-1,-1,-1
6b7885ba958100d8,“G‘O‰qŠÍ‘à,5,2,1,‚È‚µ,•¡cw,380,1555,1527,1527,1521,1517,1517,-1,-1,-1,-1,-1,-1,Œy„ƒw‹‰ flagship,d„ƒŠ‹‰ flagship,d„ƒŠ‹‰ flagship,—‹„ƒ`‹‰ elite,‹ì’€ƒj‹‰ elite,‹ì’€ƒj‹‰ elite,-,-,-,-,-,-,1,1,1,1,1,1,-1,-1,-1,-1,-1,-1
d25f855430689856,“Gö…ŠÍ‘à,5,2,2,‚È‚µ,—ÖŒ`w,380,1523,1552,1552,1535,1532,1532,-1,-1,-1,-1,-1,-1,Œy•êƒk‹‰ elite,‹ì’€ƒ‹‰ flagship,‹ì’€ƒ‹‰ flagship,ö…ƒˆ‹‰ flagship,ö…ƒJ‹‰ elite,ö…ƒJ‹‰ elite,-,-,-,-,-,-,1,1,1,50,50,50,-1,-1,-1,-1,-1,-1
546ee92b34399671,“Gö…ŠÍ‘à,5,2,2,‚È‚µ,’òŒ`w,380,1535,1535,1532,1530,1530,-1,-1,-1,-1,-1,-1,-1,ö…ƒˆ‹‰ flagship,ö…ƒˆ‹‰ flagship,ö…ƒJ‹‰ elite,ö…ƒJ‹‰,ö…ƒJ‹‰,-,-,-,-,-,-,-,50,50,50,50,50,-1,-1,-1,-1,-1,-1,-1
1362f76f7c2e7a79,“Gö…ŠÍ‘à,5,2,2,‚È‚µ,’P‰¡w,380,1535,1532,1532,1532,1530,1530,-1,-1,-1,-1,-1,-1,ö…ƒˆ‹‰ flagship,ö…ƒJ‹‰ elite,ö…ƒJ‹‰ elite,ö…ƒJ‹‰ elite,ö…ƒJ‹‰,ö…ƒJ‹‰,-,-,-,-,-,-,50,50,50,50,50,50,-1,-1,-1,-1,-1,-1
49d09e6162df18a8,“G…ã‘ÅŒ‚•”‘à,5,2,4,‚È‚µ,•¡cw,380,1543,1527,1527,1521,1552,1517,-1,-1,-1,-1,-1,-1,íŠÍƒ^‹‰ flagship,d„ƒŠ‹‰ flagship,d„ƒŠ‹‰ flagship,—‹„ƒ`‹‰ elite,‹ì’€ƒ‹‰ flagship,‹ì’€ƒj‹‰ elite,-,-,-,-,-,-,1,1,1,1,1,1,-1,-1,-1,-1,-1,-1
d4368a8c78328686,“G”C–±•”‘à,5,2,6,‚È‚µ,—ÖŒ`w,380,1528,1522,1522,1555,1553,1515,-1,-1,-1,-1,-1,-1,‹ó•êƒ’‹‰ flagship,d„ƒŠ‹‰ elite,d„ƒŠ‹‰ elite,Œy„ƒw‹‰ flagship,‹ì’€ƒn‹‰ flagship,‹ì’€ƒ‹‰ elite,-,-,-,-,-,-,1,1,1,1,1,1,-1,-1,-1,-1,-1,-1
58b62877fe0c7f55,“G”C–±•”‘à,5,2,6,‚È‚µ,—ÖŒ`w,380,1528,1527,1522,1554,1553,1516,-1,-1,-1,-1,-1,-1,‹ó•êƒ’‹‰ flagship,d„ƒŠ‹‰ flagship,d„ƒŠ‹‰ elite,Œy„ƒz‹‰ flagship,‹ì’€ƒn‹‰ flagship,‹ì’€ƒn‹‰ elite,-,-,-,-,-,-,1,1,1,1,1,1,-1,-1,-1,-1,-1,-1
2e53ff5b6acc66cb,“G”C–±•”‘à,5,2,6,‚È‚µ,—ÖŒ`w,380,1528,1527,1554,1553,1516,1516,-1,-1,-1,-1,-1,-1,‹ó•êƒ’‹‰ flagship,d„ƒŠ‹‰ flagship,Œy„ƒz‹‰ flagship,‹ì’€ƒn‹‰ flagship,‹ì’€ƒn‹‰ elite,‹ì’€ƒn‹‰ elite,-,-,-,-,-,-,1,1,1,1,1,1,-1,-1,-1,-1,-1,-1
ab6d2c7298738119,“G‹@“®•”‘à–{‘à,5,2,10,‚È‚µ,’Pcw,380,1545,1525,1543,1522,1554,1553,-1,-1,-1,-1,-1,-1,‘•b‹ó•ê•P,‹ó•êƒ’‹‰ elite,íŠÍƒ^‹‰ flagship,d„ƒŠ‹‰ elite,Œy„ƒz‹‰ flagship,‹ì’€ƒn‹‰ flagship,-,-,-,-,-,-,1,1,1,1,1,1,-1,-1,-1,-1,-1,-1
bb8c56344bd0bade,“G‹@“®•”‘à–{‘à,5,2,14,‚È‚µ,—ÖŒ`w,380,1545,1544,1527,1554,1520,1553,-1,-1,-1,-1,-1,-1,‘•b‹ó•ê•P,‘•b‹ó•ê‹S,d„ƒŠ‹‰ flagship,Œy„ƒz‹‰ flagship,Œy„ƒg‹‰ elite,‹ì’€ƒn‹‰ flagship,-,-,-,-,-,-,1,1,1,1,1,1,-1,-1,-1,-1,-1,-1
3134b21d6574bc06,“G‹@“®•”‘à–{‘à,5,2,14,‚È‚µ,—ÖŒ`w,380,1547,1528,1528,1542,1552,1552,-1,-1,-1,-1,-1,-1,“ì•û±í‹S,‹ó•êƒ’‹‰ flagship,‹ó•êƒ’‹‰ flagship,íŠÍƒ^‹‰ elite,‹ì’€ƒ‹‰ flagship,‹ì’€ƒ‹‰ flagship,-,-,-,-,-,-,1,1,1,1,1,1,-1,-1,-1,-1,-1,-1
0ef75d3c7dfd7c58,“GƒsƒPƒbƒgŠÍ‘à,5,4,1,‚È‚µ,’Pcw,420,1527,1554,1553,1553,1514,1514,-1,-1,-1,-1,-1,-1,d„ƒŠ‹‰ flagship,Œy„ƒz‹‰ flagship,‹ì’€ƒn‹‰ flagship,‹ì’€ƒn‹‰ flagship,‹ì’€ƒC‹‰ elite,‹ì’€ƒC‹‰ elite,-,-,-,-,-,-,1,1,1,1,1,1,-1,-1,-1,-1,-1,-1
5394faccdd27e41b,“GƒsƒPƒbƒgŠÍ‘à,5,4,1,‚È‚µ,’Pcw,420,1555,1554,1552,1552,1514,1514,-1,-1,-1,-1,-1,-1,Œy„ƒw‹‰ flagship,Œy„ƒz‹‰ flagship,‹ì’€ƒ‹‰ flagship,‹ì’€ƒ‹‰ flagship,‹ì’€ƒC‹‰ elite,‹ì’€ƒC‹‰ elite,-,-,-,-,-,-,1,1,1,1,1,1,-1,-1,-1,-1,-1,-1
a5752c11af397793,“GƒsƒPƒbƒgŠÍ‘à,5,4,1,‚È‚µ,—ÖŒ`w,420,1523,1555,1552,1552,1514,1514,-1,-1,-1,-1,-1,-1,Œy•êƒk‹‰ elite,Œy„ƒw‹‰ flagship,‹ì’€ƒ‹‰ flagship,‹ì’€ƒ‹‰ flagship,‹ì’€ƒC‹‰ elite,‹ì’€ƒC‹‰ elite,-,-,-,-,-,-,1,1,1,1,1,1,-1,-1,-1,-1,-1,-1
c9b1c52b445e6ca0,“G‘O‰qŠÍ‘à,5,4,4,‚È‚µ,’Pcw,420,1527,1521,1521,1521,1552,1552,-1,-1,-1,-1,-1,-1,d„ƒŠ‹‰ flagship,—‹„ƒ`‹‰ elite,—‹„ƒ`‹‰ elite,—‹„ƒ`‹‰ elite,‹ì’€ƒ‹‰ flagship,‹ì’€ƒ‹‰ flagship,-,-,-,-,-,-,1,1,1,1,1,1,-1,-1,-1,-1,-1,-1
9f11fde89dba02fb,“G‘O‰qŠÍ‘à,5,4,4,‚È‚µ,’Pcw,420,1555,1527,1527,1521,1517,1517,-1,-1,-1,-1,-1,-1,Œy„ƒw‹‰ flagship,d„ƒŠ‹‰ flagship,d„ƒŠ‹‰ flagship,—‹„ƒ`‹‰ elite,‹ì’€ƒj‹‰ elite,‹ì’€ƒj‹‰ elite,-,-,-,-,-,-,1,1,1,1,1,1,-1,-1,-1,-1,-1,-1
14e35021d80b8695,“G‘O‰qŠÍ‘à,5,4,4,‚È‚µ,•¡cw,420,1515,1527,1527,1521,1517,1517,-1,-1,-1,-1,-1,-1,‹ì’€ƒ‹‰ elite,d„ƒŠ‹‰ flagship,d„ƒŠ‹‰ flagship,—‹„ƒ`‹‰ elite,‹ì’€ƒj‹‰ elite,‹ì’€ƒj‹‰ elite,-,-,-,-,-,-,1,1,1,1,1,1,-1,-1,-1,-1,-1,-1
41cea52f4e104699,“Gö…ŠÍ‘à,5,4,6,‚È‚µ,—ÖŒ`w,420,1523,1552,1552,1535,1532,1532,-1,-1,-1,-1,-1,-1,Œy•êƒk‹‰ elite,‹ì’€ƒ‹‰ flagship,‹ì’€ƒ‹‰ flagship,ö…ƒˆ‹‰ flagship,ö…ƒJ‹‰ elite,ö…ƒJ‹‰ elite,-,-,-,-,-,-,1,1,1,50,50,50,-1,-1,-1,-1,-1,-1
93f7c2438d7a7569,“Gö…ŠÍ‘à,5,4,6,‚È‚µ,’òŒ`w,420,1535,1535,1532,1530,1530,-1,-1,-1,-1,-1,-1,-1,ö…ƒˆ‹‰ flagship,ö…ƒˆ‹‰ flagship,ö…ƒJ‹‰ elite,ö…ƒJ‹‰,ö…ƒJ‹‰,-,-,-,-,-,-,-,50,50,50,50,50,-1,-1,-1,-1,-1,-1,-1
6fab77e45c4322d3,“Gö…ŠÍ‘à,5,4,6,‚È‚µ,’P‰¡w,420,1535,1532,1532,1532,1530,1530,-1,-1,-1,-1,-1,-1,ö…ƒˆ‹‰ flagship,ö…ƒJ‹‰ elite,ö…ƒJ‹‰ elite,ö…ƒJ‹‰ elite,ö…ƒJ‹‰,ö…ƒJ‹‰,-,-,-,-,-,-,50,50,50,50,50,50,-1,-1,-1,-1,-1,-1
a5f5a0a3c4e28a3e,“G…ã‘ÅŒ‚•”‘à,5,4,10,‚È‚µ,’Pcw,420,1529,1555,1521,1521,1552,1517,-1,-1,-1,-1,-1,-1,íŠÍƒ‹‹‰ flagship,Œy„ƒw‹‰ flagship,—‹„ƒ`‹‰ elite,—‹„ƒ`‹‰ elite,‹ì’€ƒ‹‰ flagship,‹ì’€ƒj‹‰ elite,-,-,-,-,-,-,1,1,1,1,1,1,-1,-1,-1,-1,-1,-1
a152558916db13e3,“G…ã‘ÅŒ‚•”‘à,5,4,10,‚È‚µ,’Pcw,420,1543,1527,1527,1521,1552,1517,-1,-1,-1,-1,-1,-1,íŠÍƒ^‹‰ flagship,d„ƒŠ‹‰ flagship,d„ƒŠ‹‰ flagship,—‹„ƒ`‹‰ elite,‹ì’€ƒ‹‰ flagship,‹ì’€ƒj‹‰ elite,-,-,-,-,-,-,1,1,1,1,1,1,-1,-1,-1,-1,-1,-1
1b0521f0dced989e,“G…ã‘ÅŒ‚•”‘à,5,4,10,‚È‚µ,•¡cw,420,1543,1527,1527,1521,1552,1517,-1,-1,-1,-1,-1,-1,íŠÍƒ^‹‰ flagship,d„ƒŠ‹‰ flagship,d„ƒŠ‹‰ flagship,—‹„ƒ`‹‰ elite,‹ì’€ƒ‹‰ flagship,‹ì’€ƒj‹‰ elite,-,-,-,-,-,-,1,1,1,1,1,1,-1,-1,-1,-1,-1,-1
e27af04bece5a5a9,“G‹@“®•”‘àå—Í,5,4,12,‚È‚µ,—ÖŒ`w,420,1528,1528,1525,1554,1515,1515,-1,-1,-1,-1,-1,-1,‹ó•êƒ’‹‰ flagship,‹ó•êƒ’‹‰ flagship,‹ó•êƒ’‹‰ elite,Œy„ƒz‹‰ flagship,‹ì’€ƒ‹‰ elite,‹ì’€ƒ‹‰ elite,-,-,-,-,-,-,1,1,1,1,1,1,-1,-1,-1,-1,-1,-1
dcf2a63556d5b6d1,“G‹@“®•”‘àå—Í,5,4,12,‚È‚µ,—ÖŒ`w,420,1544,1528,1528,1554,1515,1515,-1,-1,-1,-1,-1,-1,‘•b‹ó•ê‹S,‹ó•êƒ’‹‰ flagship,‹ó•êƒ’‹‰ flagship,Œy„ƒz‹‰ flagship,‹ì’€ƒ‹‰ elite,‹ì’€ƒ‹‰ elite,-,-,-,-,-,-,1,1,1,1,1,1,-1,-1,-1,-1,-1,-1
80d30add0b118278,“G‹@“®•”‘àå—Í,5,4,12,‚È‚µ,—ÖŒ`w,420,1544,1544,1528,1554,1515,1515,-1,-1,-1,-1,-1,-1,‘•b‹ó•ê‹S,‘•b‹ó•ê‹S,‹ó•êƒ’‹‰ flagship,Œy„ƒz‹‰ flagship,‹ì’€ƒ‹‰ elite,‹ì’€ƒ‹‰ elite,-,-,-,-,-,-,1,1,1,1,1,1,-1,-1,-1,-1,-1,-1
d18f5fb0f432fb60,“G‹@“®•”‘àx‘à,5,4,13,‚È‚µ,—ÖŒ`w,420,1545,1523,1523,1529,1517,1532,-1,-1,-1,-1,-1,-1,‘•b‹ó•ê•P,Œy•êƒk‹‰ elite,Œy•êƒk‹‰ elite,íŠÍƒ‹‹‰ flagship,‹ì’€ƒj‹‰ elite,ö…ƒJ‹‰ elite,-,-,-,-,-,-,1,1,1,1,1,50,-1,-1,-1,-1,-1,-1
4334cbc918d5ca19,“G•â‹‹•”‘à–{‘Ì,5,4,15,‚È‚µ,—ÖŒ`w,420,1558,1529,1529,1555,1516,1516,-1,-1,-1,-1,-1,-1,—A‘—ƒ‹‰ flagship,íŠÍƒ‹‹‰ flagship,íŠÍƒ‹‹‰ flagship,Œy„ƒw‹‰ flagship,‹ì’€ƒn‹‰ elite,‹ì’€ƒn‹‰ elite,-,-,-,-,-,-,1,1,1,1,1,1,-1,-1,-1,-1,-1,-1
bfff32fe2e814612,“G•â‹‹•”‘à–{‘Ì,5,4,15,‚È‚µ,—ÖŒ`w,420,1558,1529,1529,1555,1523,1523,-1,-1,-1,-1,-1,-1,—A‘—ƒ‹‰ flagship,íŠÍƒ‹‹‰ flagship,íŠÍƒ‹‹‰ flagship,Œy„ƒw‹‰ flagship,Œy•êƒk‹‰ elite,Œy•êƒk‹‰ elite,-,-,-,-,-,-,1,1,1,1,1,1,-1,-1,-1,-1,-1,-1
2c10254879006e7c,“G•â‹‹•”‘à–{‘Ì,5,4,15,‚È‚µ,—ÖŒ`w,420,1558,1543,1543,1528,1523,1523,-1,-1,-1,-1,-1,-1,—A‘—ƒ‹‰ flagship,íŠÍƒ^‹‰ flagship,íŠÍƒ^‹‰ flagship,‹ó•êƒ’‹‰ flagship,Œy•êƒk‹‰ elite,Œy•êƒk‹‰ elite,-,-,-,-,-,-,1,1,1,1,1,1,-1,-1,-1,-1,-1,-1
587aec6fcca436e9,“G•â‹‹•”‘à–{‘Ì,5,4,19,‚È‚µ,—ÖŒ`w,420,1558,1529,1529,1555,1516,1516,-1,-1,-1,-1,-1,-1,—A‘—ƒ‹‰ flagship,íŠÍƒ‹‹‰ flagship,íŠÍƒ‹‹‰ flagship,Œy„ƒw‹‰ flagship,‹ì’€ƒn‹‰ elite,‹ì’€ƒn‹‰ elite,-,-,-,-,-,-,1,1,1,1,1,1,-1,-1,-1,-1,-1,-1
2922b5c769d93c7f,“G•â‹‹•”‘à–{‘Ì,5,4,19,‚È‚µ,—ÖŒ`w,420,1558,1529,1529,1555,1523,1523,-1,-1,-1,-1,-1,-1,—A‘—ƒ‹‰ flagship,íŠÍƒ‹‹‰ flagship,íŠÍƒ‹‹‰ flagship,Œy„ƒw‹‰ flagship,Œy•êƒk‹‰ elite,Œy•êƒk‹‰ elite,-,-,-,-,-,-,1,1,1,1,1,1,-1,-1,-1,-1,-1,-1
d8e24c40d4e4f216,“G•â‹‹•”‘à–{‘Ì,5,4,19,‚È‚µ,—ÖŒ`w,420,1558,1543,1543,1528,1523,1523,-1,-1,-1,-1,-1,-1,—A‘—ƒ‹‰ flagship,íŠÍƒ^‹‰ flagship,íŠÍƒ^‹‰ flagship,‹ó•êƒ’‹‰ flagship,Œy•êƒk‹‰ elite,Œy•êƒk‹‰ elite,-,-,-,-,-,-,1,1,1,1,1,1,-1,-1,-1,-1,-1,-1
59b59423dace4dc8,“G•â‹‹•”‘à–{‘Ì,5,4,20,‚È‚µ,—ÖŒ`w,420,1558,1529,1529,1555,1523,1523,-1,-1,-1,-1,-1,-1,—A‘—ƒ‹‰ flagship,íŠÍƒ‹‹‰ flagship,íŠÍƒ‹‹‰ flagship,Œy„ƒw‹‰ flagship,Œy•êƒk‹‰ elite,Œy•êƒk‹‰ elite,-,-,-,-,-,-,1,1,1,1,1,1,-1,-1,-1,-1,-1,-1
2893c823d50366fa,“G‘O‰qŒx‰ú•”‘à,5,5,2,‚È‚µ,’Pcw,450,1561,1560,1522,1555,1564,1564,-1,-1,-1,-1,-1,-1,íŠÍƒŒ‹‰,Œy•êƒk‹‰ flagship,d„ƒŠ‹‰ elite,Œy„ƒw‹‰ flagship,‹ì’€ƒC‹‰ flagship,‹ì’€ƒC‹‰ flagship,-,-,-,-,-,-,1,1,1,1,1,1,-1,-1,-1,-1,-1,-1
9c83c05f98b7e66c,“G‘O‰qŒx‰ú•”‘à,5,5,2,‚È‚µ,•¡cw,450,1561,1560,1560,1522,1555,1564,-1,-1,-1,-1,-1,-1,íŠÍƒŒ‹‰,Œy•êƒk‹‰ flagship,Œy•êƒk‹‰ flagship,d„ƒŠ‹‰ elite,Œy„ƒw‹‰ flagship,‹ì’€ƒC‹‰ flagship,-,-,-,-,-,-,1,1,1,1,1,1,-1,-1,-1,-1,-1,-1
99676ef30a54825f,“G‘O‰qŒx‰ú•”‘à,5,5,2,‚È‚µ,—ÖŒ`w,450,1561,1560,1560,1555,1564,1532,-1,-1,-1,-1,-1,-1,íŠÍƒŒ‹‰,Œy•êƒk‹‰ flagship,Œy•êƒk‹‰ flagship,Œy„ƒw‹‰ flagship,‹ì’€ƒC‹‰ flagship,ö…ƒJ‹‰ elite,-,-,-,-,-,-,1,1,1,1,1,50,-1,-1,-1,-1,-1,-1
bc49c64b9af260d5,“G”C–±•”‘à‘O‰q,5,5,5,‚È‚µ,•¡cw,450,1528,1560,1560,1542,1555,1564,-1,-1,-1,-1,-1,-1,‹ó•êƒ’‹‰ flagship,Œy•êƒk‹‰ flagship,Œy•êƒk‹‰ flagship,íŠÍƒ^‹‰ elite,Œy„ƒw‹‰ flagship,‹ì’€ƒC‹‰ flagship,-,-,-,-,-,-,1,1,1,1,1,1,-1,-1,-1,-1,-1,-1
d56fdd8b5fb447b3,“G”C–±•”‘à‘O‰q,5,5,5,‚È‚µ,—ÖŒ`w,450,1528,1560,1560,1542,1555,1564,-1,-1,-1,-1,-1,-1,‹ó•êƒ’‹‰ flagship,Œy•êƒk‹‰ flagship,Œy•êƒk‹‰ flagship,íŠÍƒ^‹‰ elite,Œy„ƒw‹‰ flagship,‹ì’€ƒC‹‰ flagship,-,-,-,-,-,-,1,1,1,1,1,1,-1,-1,-1,-1,-1,-1
e65e39b3814318b2,“G”C–±•”‘à‘O‰q,5,5,5,‚È‚µ,—ÖŒ`w,450,1565,1560,1560,1560,1542,1564,-1,-1,-1,-1,-1,-1,‹ó•êƒ’‹‰‰ü flagship,Œy•êƒk‹‰ flagship,Œy•êƒk‹‰ flagship,Œy•êƒk‹‰ flagship,íŠÍƒ^‹‰ elite,‹ì’€ƒC‹‰ flagship,-,-,-,-,-,-,1,1,1,1,1,1,-1,-1,-1,-1,-1,-1
40451f8e422101bd,“G…ã‘ÅŒ‚•”‘à,5,5,17,‚È‚µ,’Pcw,450,1562,1522,1559,1555,1564,1564,-1,-1,-1,-1,-1,-1,íŠÍƒŒ‹‰ elite,d„ƒŠ‹‰ elite,—‹„ƒ`‹‰ flagship,Œy„ƒw‹‰ flagship,‹ì’€ƒC‹‰ flagship,‹ì’€ƒC‹‰ flagship,-,-,-,-,-,-,1,1,1,1,1,1,-1,-1,-1,-1,-1,-1
fa929856eec80235,“G…ã‘ÅŒ‚•”‘à,5,5,17,‚È‚µ,’Pcw,450,1562,1527,1555,1559,1564,1564,-1,-1,-1,-1,-1,-1,íŠÍƒŒ‹‰ elite,d„ƒŠ‹‰ flagship,Œy„ƒw‹‰ flagship,—‹„ƒ`‹‰ flagship,‹ì’€ƒC‹‰ flagship,‹ì’€ƒC‹‰ flagship,-,-,-,-,-,-,1,1,1,1,1,1,-1,-1,-1,-1,-1,-1
56e8d7337b4c18e3,“G…ã‘ÅŒ‚•”‘à,5,5,17,‚È‚µ,•¡cw,450,1562,1527,1522,1555,1564,1564,-1,-1,-1,-1,-1,-1,íŠÍƒŒ‹‰ elite,d„ƒŠ‹‰ flagship,d„ƒŠ‹‰ elite,Œy„ƒw‹‰ flagship,‹ì’€ƒC‹‰ flagship,‹ì’€ƒC‹‰ flagship,-,-,-,-,-,-,1,1,1,1,1,1,-1,-1,-1,-1,-1,-1
529f3ee50522d52c,“G”C–±•”‘à–{‘à,5,5,18,‚È‚µ,—ÖŒ`w,450,1565,1528,1562,1564,1564,1533,-1,-1,-1,-1,-1,-1,‹ó•êƒ’‹‰‰ü flagship,‹ó•êƒ’‹‰ flagship,íŠÍƒŒ‹‰ elite,‹ì’€ƒC‹‰ flagship,‹ì’€ƒC‹‰ flagship,ö…ƒˆ‹‰ elite,-,-,-,-,-,-,1,1,1,1,1,50,-1,-1,-1,-1,-1,-1
4f1327b9eaa5701e,“G”C–±•”‘à–{‘à,5,5,18,‚È‚µ,—ÖŒ`w,450,1565,1565,1548,1564,1564,1535,-1,-1,-1,-1,-1,-1,‹ó•êƒ’‹‰‰ü flagship,‹ó•êƒ’‹‰‰ü flagship,“ì•û±í•P,‹ì’€ƒC‹‰ flagship,‹ì’€ƒC‹‰ flagship,ö…ƒˆ‹‰ flagship,-,-,-,-,-,-,1,1,1,1,1,50,-1,-1,-1,-1,-1,-1
39e8d12a5b4082de,’†•”ŠCˆæ “G—VŒ‚•”‘à,6,1,3,‚È‚µ,’Pcw,380,1529,1560,1527,1591,1576,1576,-1,-1,-1,-1,-1,-1,íŠÍƒ‹‹‰ flagship,Œy•êƒk‹‰ flagship,d„ƒŠ‹‰ flagship,Œy„ƒc‹‰,‹ì’€ƒ‹‰ŒãŠúŒ^,‹ì’€ƒ‹‰ŒãŠúŒ^,-,-,-,-,-,-,1,1,1,1,1,1,-1,-1,-1,-1,-1,-1
01e6d2b9138e4965,’†•”ŠCˆæ “G—VŒ‚•”‘à,6,1,3,‚È‚µ,•¡cw,380,1529,1560,1522,1591,1575,1575,-1,-1,-1,-1,-1,-1,íŠÍƒ‹‹‰ flagship,Œy•êƒk‹‰ flagship,d„ƒŠ‹‰ elite,Œy„ƒc‹‰,‹ì’€ƒC‹‰ŒãŠúŒ^,‹ì’€ƒC‹‰ŒãŠúŒ^,-,-,-,-,-,-,1,1,1,1,1,1,-1,-1,-1,-1,-1,-1
d74b8eff39b64a7a,’†•”ŠCˆæ “G—VŒ‚•”‘à,6,1,3,‚È‚µ,•¡cw,380,1529,1560,1527,1591,1576,1576,-1,-1,-1,-1,-1,-1,íŠÍƒ‹‹‰ flagship,Œy•êƒk‹‰ flagship,d„ƒŠ‹‰ flagship,Œy„ƒc‹‰,‹ì’€ƒ‹‰ŒãŠúŒ^,‹ì’€ƒ‹‰ŒãŠúŒ^,-,-,-,-,-,-,1,1,1,1,1,1,-1,-1,-1,-1,-1,-1
430b9a9ef1c3b88b,“G‹@“®•”‘à,6,1,7,‚È‚µ,—ÖŒ`w,380,1585,1527,1527,1591,1576,1576,-1,-1,-1,-1,-1,-1,‹ó•ê±‹S,d„ƒŠ‹‰ flagship,d„ƒŠ‹‰ flagship,Œy„ƒc‹‰,‹ì’€ƒ‹‰ŒãŠúŒ^,‹ì’€ƒ‹‰ŒãŠúŒ^,-,-,-,-,-,-,1,1,1,1,1,1,-1,-1,-1,-1,-1,-1
e177da4cbfe16098,’†•”ŠCˆæ£‰úí D’n“_,6,1,8,‚È‚µ,•¡cw,380,1527,1522,1521,1591,1575,1575,-1,-1,-1,-1,-1,-1,d„ƒŠ‹‰ flagship,d„ƒŠ‹‰ elite,—‹„ƒ`‹‰ elite,Œy„ƒc‹‰,‹ì’€ƒC‹‰ŒãŠúŒ^,‹ì’€ƒC‹‰ŒãŠúŒ^,-,-,-,-,-,-,1,1,1,1,1,1,-1,-1,-1,-1,-1,-1
4ab537a74f5faad0,’†•”ŠCˆæ£‰úí D’n“_,6,1,8,‚È‚µ,—ÖŒ`w,380,1527,1516,1516,1591,1576,1576,-1,-1,-1,-1,-1,-1,d„ƒŠ‹‰ flagship,‹ì’€ƒn‹‰ elite,‹ì’€ƒn‹‰ elite,Œy„ƒc‹‰,‹ì’€ƒ‹‰ŒãŠúŒ^,‹ì’€ƒ‹‰ŒãŠúŒ^,-,-,-,-,-,-,1,1,1,1,1,1,-1,-1,-1,-1,-1,-1
ccedfd869c3a5416,’†•”ŠCˆæ£‰úí D’n“_,6,1,8,‚È‚µ,’òŒ`w,380,1527,1555,1516,1516,1576,1576,-1,-1,-1,-1,-1,-1,d„ƒŠ‹‰ flagship,Œy„ƒw‹‰ flagship,‹ì’€ƒn‹‰ elite,‹ì’€ƒn‹‰ elite,‹ì’€ƒ‹‰ŒãŠúŒ^,‹ì’€ƒ‹‰ŒãŠúŒ^,-,-,-,-,-,-,1,1,1,1,1,1,-1,-1,-1,-1,-1,-1
45eb4f164fda3ca1,“G‰ñq’†‹ó•ê,6,1,11,‚È‚µ,—ÖŒ`w,380,1579,1527,1555,1592,1577,1577,-1,-1,-1,-1,-1,-1,‹ó•êƒ’‹‰ flagship,d„ƒŠ‹‰ flagship,Œy„ƒw‹‰ flagship,Œy„ƒc‹‰ elite,‹ì’€ƒn‹‰ŒãŠúŒ^,‹ì’€ƒn‹‰ŒãŠúŒ^,-,-,-,-,-,-,1,1,1,1,1,1,-1,-1,-1,-1,-1,-1
8208e87056165f3a,“G‰ñq’†‹ó•ê,6,1,11,‚È‚µ,—ÖŒ`w,380,1579,1527,1592,1592,1578,1578,-1,-1,-1,-1,-1,-1,‹ó•êƒ’‹‰ flagship,d„ƒŠ‹‰ flagship,Œy„ƒc‹‰ elite,Œy„ƒc‹‰ elite,‹ì’€ƒj‹‰ŒãŠúŒ^,‹ì’€ƒj‹‰ŒãŠúŒ^,-,-,-,-,-,-,1,1,1,1,1,1,-1,-1,-1,-1,-1,-1
c4708f2858b0cbab,’†•”ŠCˆæ£‰úí B’n“_,6,1,12,‚È‚µ,•¡cw,380,1555,1516,1516,1575,1575,-1,-1,-1,-1,-1,-1,-1,Œy„ƒw‹‰ flagship,‹ì’€ƒn‹‰ elite,‹ì’€ƒn‹‰ elite,‹ì’€ƒC‹‰ŒãŠúŒ^,‹ì’€ƒC‹‰ŒãŠúŒ^,-,-,-,-,-,-,-,1,1,1,1,1,-1,-1,-1,-1,-1,-1,-1
ea3c71c98f97bf22,’†•”ŠCˆæ£‰úí B’n“_,6,1,12,‚È‚µ,•¡cw,380,1555,1517,1517,1575,1575,-1,-1,-1,-1,-1,-1,-1,Œy„ƒw‹‰ flagship,‹ì’€ƒj‹‰ elite,‹ì’€ƒj‹‰ elite,‹ì’€ƒC‹‰ŒãŠúŒ^,‹ì’€ƒC‹‰ŒãŠúŒ^,-,-,-,-,-,-,-,1,1,1,1,1,-1,-1,-1,-1,-1,-1,-1
21881cac39fb2603,’†•”ŠCˆæ£‰úí B’n“_,6,1,12,‚È‚µ,—ÖŒ`w,380,1555,1526,1526,1575,1575,-1,-1,-1,-1,-1,-1,-1,Œy„ƒw‹‰ flagship,—A‘—ƒ‹‰ elite,—A‘—ƒ‹‰ elite,‹ì’€ƒC‹‰ŒãŠúŒ^,‹ì’€ƒC‹‰ŒãŠúŒ^,-,-,-,-,-,-,-,1,1,1,1,1,-1,-1,-1,-1,-1,-1,-1
2cb6a926a080c294,”‘’n£‰úü,6,3,2,‚È‚µ,•¡cw,110,1554,1576,1576,-1,-1,-1,-1,-1,-1,-1,-1,-1,Œy„ƒz‹‰ flagship,‹ì’€ƒ‹‰ŒãŠúŒ^,‹ì’€ƒ‹‰ŒãŠúŒ^,-,-,-,-,-,-,-,-,-,1,1,1,-1,-1,-1,-1,-1,-1,-1,-1,-1
fda1c5e37e804d0b,”‘’n£‰úü,6,3,2,‚È‚µ,’òŒ`w,100,1532,1530,1530,1530,1530,-1,-1,-1,-1,-1,-1,-1,ö…ƒJ‹‰ elite,ö…ƒJ‹‰,ö…ƒJ‹‰,ö…ƒJ‹‰,ö…ƒJ‹‰,-,-,-,-,-,-,-,50,50,50,50,50,-1,-1,-1,-1,-1,-1,-1
04ca9783a6a55d82,”‘’n£‰úü,6,3,2,‚È‚µ,’P‰¡w,90,1532,1530,1530,1530,-1,-1,-1,-1,-1,-1,-1,-1,ö…ƒJ‹‰ elite,ö…ƒJ‹‰,ö…ƒJ‹‰,ö…ƒJ‹‰,-,-,-,-,-,-,-,-,50,50,50,50,-1,-1,-1,-1,-1,-1,-1,-1
b0a31a7a6a16d8b6,[ŠCö…ŠÍ‘à,6,3,3,‚È‚µ,’òŒ`w,100,1533,1532,1532,1530,1530,1530,-1,-1,-1,-1,-1,-1,ö…ƒˆ‹‰ elite,ö…ƒJ‹‰ elite,ö…ƒJ‹‰ elite,ö…ƒJ‹‰,ö…ƒJ‹‰,ö…ƒJ‹‰,-,-,-,-,-,-,50,50,50,50,50,50,-1,-1,-1,-1,-1,-1
62bd114a2d9aa28b,[ŠCö…ŠÍ‘à,6,3,3,‚È‚µ,’P‰¡w,100,1533,1532,1532,1530,1530,1530,-1,-1,-1,-1,-1,-1,ö…ƒˆ‹‰ elite,ö…ƒJ‹‰ elite,ö…ƒJ‹‰ elite,ö…ƒJ‹‰,ö…ƒJ‹‰,ö…ƒJ‹‰,-,-,-,-,-,-,50,50,50,50,50,50,-1,-1,-1,-1,-1,-1
d99b7ad84b1b6c34,[ŠCƒsƒPƒbƒgŠÍ‘à,6,3,4,‚È‚µ,’Pcw,110,1555,1576,1576,-1,-1,-1,-1,-1,-1,-1,-1,-1,Œy„ƒw‹‰ flagship,‹ì’€ƒ‹‰ŒãŠúŒ^,‹ì’€ƒ‹‰ŒãŠúŒ^,-,-,-,-,-,-,-,-,-,1,1,1,-1,-1,-1,-1,-1,-1,-1,-1,-1
fde339f99d83dd79,[ŠCƒsƒPƒbƒgŠÍ‘à,6,3,4,‚È‚µ,’Pcw,150,1555,1576,1576,1576,-1,-1,-1,-1,-1,-1,-1,-1,Œy„ƒw‹‰ flagship,‹ì’€ƒ‹‰ŒãŠúŒ^,‹ì’€ƒ‹‰ŒãŠúŒ^,‹ì’€ƒ‹‰ŒãŠúŒ^,-,-,-,-,-,-,-,-,1,1,1,1,-1,-1,-1,-1,-1,-1,-1,-1
27a68167b201a939,[ŠCƒsƒPƒbƒgŠÍ‘à,6,3,4,‚È‚µ,•¡cw,120,1555,1576,1575,1575,-1,-1,-1,-1,-1,-1,-1,-1,Œy„ƒw‹‰ flagship,‹ì’€ƒ‹‰ŒãŠúŒ^,‹ì’€ƒC‹‰ŒãŠúŒ^,‹ì’€ƒC‹‰ŒãŠúŒ^,-,-,-,-,-,-,-,-,1,1,1,1,-1,-1,-1,-1,-1,-1,-1,-1
ec16e81d77012c5a,[ŠCƒsƒPƒbƒgŠÍ‘à,6,3,4,‚È‚µ,•¡cw,140,1555,1576,1576,1576,-1,-1,-1,-1,-1,-1,-1,-1,Œy„ƒw‹‰ flagship,‹ì’€ƒ‹‰ŒãŠúŒ^,‹ì’€ƒ‹‰ŒãŠúŒ^,‹ì’€ƒ‹‰ŒãŠúŒ^,-,-,-,-,-,-,-,-,1,1,1,1,-1,-1,-1,-1,-1,-1,-1,-1
d669fcf375957f7d,[ŠC£‰ú…—‹í‘à,6,3,5,‚È‚µ,’Pcw,200,1555,1521,1521,1575,1575,-1,-1,-1,-1,-1,-1,-1,Œy„ƒw‹‰ flagship,—‹„ƒ`‹‰ elite,—‹„ƒ`‹‰ elite,‹ì’€ƒC‹‰ŒãŠúŒ^,‹ì’€ƒC‹‰ŒãŠúŒ^,-,-,-,-,-,-,-,1,1,1,1,1,-1,-1,-1,-1,-1,-1,-1
535bdf2fd1533fdc,[ŠC£‰ú…—‹í‘à,6,3,5,‚È‚µ,’Pcw,210,1555,1521,1521,1575,1575,1575,-1,-1,-1,-1,-1,-1,Œy„ƒw‹‰ flagship,—‹„ƒ`‹‰ elite,—‹„ƒ`‹‰ elite,‹ì’€ƒC‹‰ŒãŠúŒ^,‹ì’€ƒC‹‰ŒãŠúŒ^,‹ì’€ƒC‹‰ŒãŠúŒ^,-,-,-,-,-,-,1,1,1,1,1,1,-1,-1,-1,-1,-1,-1
43eb83000b49180d,[ŠC£‰ú…—‹í‘à,6,3,5,‚È‚µ,’Pcw,220,1592,1521,1521,1575,1575,-1,-1,-1,-1,-1,-1,-1,Œy„ƒc‹‰ elite,—‹„ƒ`‹‰ elite,—‹„ƒ`‹‰ elite,‹ì’€ƒC‹‰ŒãŠúŒ^,‹ì’€ƒC‹‰ŒãŠúŒ^,-,-,-,-,-,-,-,1,1,1,1,1,-1,-1,-1,-1,-1,-1,-1
dbacdc125f45d118,[ŠC’†•”…ã‘ÅŒ‚ŒQ,6,3,6,‚È‚µ,’Pcw,250,1595,1522,1520,1575,1575,-1,-1,-1,-1,-1,-1,-1,d„ƒl‹‰ elite,d„ƒŠ‹‰ elite,Œy„ƒg‹‰ elite,‹ì’€ƒC‹‰ŒãŠúŒ^,‹ì’€ƒC‹‰ŒãŠúŒ^,-,-,-,-,-,-,-,1,1,1,1,1,-1,-1,-1,-1,-1,-1,-1
0d2fdbc5972f608a,[ŠC’†•”…ã‘ÅŒ‚ŒQ,6,3,6,‚È‚µ,•¡cw,220,1595,1520,1520,1575,1575,-1,-1,-1,-1,-1,-1,-1,d„ƒl‹‰ elite,Œy„ƒg‹‰ elite,Œy„ƒg‹‰ elite,‹ì’€ƒC‹‰ŒãŠúŒ^,‹ì’€ƒC‹‰ŒãŠúŒ^,-,-,-,-,-,-,-,1,1,1,1,1,-1,-1,-1,-1,-1,-1,-1
7f37f9403df89e3a,—¯ç”‘’nŠøŠÍŠÍ‘à,6,3,10,‚È‚µ,’Pcw,400,1543,1527,1527,1597,1578,1578,-1,-1,-1,-1,-1,-1,íŠÍƒ^‹‰ flagship,d„ƒŠ‹‰ flagship,d„ƒŠ‹‰ flagship,‹ì’€±•P,‹ì’€ƒj‹‰ŒãŠúŒ^,‹ì’€ƒj‹‰ŒãŠúŒ^,-,-,-,-,-,-,1,1,1,1,1,1,-1,-1,-1,-1,-1,-1
12dad6dd41c0e9ea,—¯ç”‘’nŠøŠÍŠÍ‘à,6,3,10,‚È‚µ,’Pcw,400,1543,1543,1527,1597,1578,1578,-1,-1,-1,-1,-1,-1,íŠÍƒ^‹‰ flagship,íŠÍƒ^‹‰ flagship,d„ƒŠ‹‰ flagship,‹ì’€±•P,‹ì’€ƒj‹‰ŒãŠúŒ^,‹ì’€ƒj‹‰ŒãŠúŒ^,-,-,-,-,-,-,1,1,1,1,1,1,-1,-1,-1,-1,-1,-1
f0819496166a4dd7,[ŠC£‰ú…—‹í‘à,6,3,11,‚È‚µ,’Pcw,200,1555,1521,1521,1575,1575,-1,-1,-1,-1,-1,-1,-1,Œy„ƒw‹‰ flagship,—‹„ƒ`‹‰ elite,—‹„ƒ`‹‰ elite,‹ì’€ƒC‹‰ŒãŠúŒ^,‹ì’€ƒC‹‰ŒãŠúŒ^,-,-,-,-,-,-,-,1,1,1,1,1,-1,-1,-1,-1,-1,-1,-1
18f1811607bf2f40,[ŠC£‰ú…—‹í‘à,6,3,11,‚È‚µ,’Pcw,220,1592,1521,1521,1575,1575,-1,-1,-1,-1,-1,-1,-1,Œy„ƒc‹‰ elite,—‹„ƒ`‹‰ elite,—‹„ƒ`‹‰ elite,‹ì’€ƒC‹‰ŒãŠúŒ^,‹ì’€ƒC‹‰ŒãŠúŒ^,-,-,-,-,-,-,-,1,1,1,1,1,-1,-1,-1,-1,-1,-1,-1
c0ac955b818bedc3,[ŠC£‰ú…—‹í‘à,6,3,11,‚È‚µ,•¡cw,210,1555,1521,1521,1575,1575,1575,-1,-1,-1,-1,-1,-1,Œy„ƒw‹‰ flagship,—‹„ƒ`‹‰ elite,—‹„ƒ`‹‰ elite,‹ì’€ƒC‹‰ŒãŠúŒ^,‹ì’€ƒC‹‰ŒãŠúŒ^,‹ì’€ƒC‹‰ŒãŠúŒ^,-,-,-,-,-,-,1,1,1,1,1,1,-1,-1,-1,-1,-1,-1
867914190f29ed4d,[ŠC£‰ú…—‹í‘à,6,3,11,‚È‚µ,•¡cw,220,1592,1521,1521,1575,1575,-1,-1,-1,-1,-1,-1,-1,Œy„ƒc‹‰ elite,—‹„ƒ`‹‰ elite,—‹„ƒ`‹‰ elite,‹ì’€ƒC‹‰ŒãŠúŒ^,‹ì’€ƒC‹‰ŒãŠúŒ^,-,-,-,-,-,-,-,1,1,1,1,1,-1,-1,-1,-1,-1,-1,-1
1637980fd4d8a885,æŒ­”C–±•”‘à ‘O‰qŠÍ‘à,6,5,1,‚È‚µ,’Pcw,100,1555,1575,1575,1575,1575,1575,-1,-1,-1,-1,-1,-1,Œy„ƒw‹‰ flagship,‹ì’€ƒC‹‰ŒãŠúŒ^,‹ì’€ƒC‹‰ŒãŠúŒ^,‹ì’€ƒC‹‰ŒãŠúŒ^,‹ì’€ƒC‹‰ŒãŠúŒ^,‹ì’€ƒC‹‰ŒãŠúŒ^,-,-,-,-,-,-,1,1,1,1,1,1,-1,-1,-1,-1,-1,-1
525bfbffd24620a4,æŒ­”C–±•”‘à ‘O‰qŠÍ‘à,6,5,1,‚È‚µ,’Pcw,110,1555,1554,1575,1575,1575,1575,-1,-1,-1,-1,-1,-1,Œy„ƒw‹‰ flagship,Œy„ƒz‹‰ flagship,‹ì’€ƒC‹‰ŒãŠúŒ^,‹ì’€ƒC‹‰ŒãŠúŒ^,‹ì’€ƒC‹‰ŒãŠúŒ^,‹ì’€ƒC‹‰ŒãŠúŒ^,-,-,-,-,-,-,1,1,1,1,1,1,-1,-1,-1,-1,-1,-1
1f2ac95f730eed03,æŒ­”C–±•”‘à ‘O‰qŠÍ‘à,6,5,1,‚È‚µ,’Pcw,120,1555,1554,1576,1576,1575,1575,-1,-1,-1,-1,-1,-1,Œy„ƒw‹‰ flagship,Œy„ƒz‹‰ flagship,‹ì’€ƒ‹‰ŒãŠúŒ^,‹ì’€ƒ‹‰ŒãŠúŒ^,‹ì’€ƒC‹‰ŒãŠúŒ^,‹ì’€ƒC‹‰ŒãŠúŒ^,-,-,-,-,-,-,1,1,1,1,1,1,-1,-1,-1,-1,-1,-1
ec672717353486bd,æŒ­”C–±•”‘à ‘O‰qŠÍ‘à,6,5,1,‚È‚µ,’Pcw,130,1555,1554,1576,1576,1576,1576,-1,-1,-1,-1,-1,-1,Œy„ƒw‹‰ flagship,Œy„ƒz‹‰ flagship,‹ì’€ƒ‹‰ŒãŠúŒ^,‹ì’€ƒ‹‰ŒãŠúŒ^,‹ì’€ƒ‹‰ŒãŠúŒ^,‹ì’€ƒ‹‰ŒãŠúŒ^,-,-,-,-,-,-,1,1,1,1,1,1,-1,-1,-1,-1,-1,-1
cb3415ba134ce484,æŒ­”C–±•”‘à ‘O‰qŠÍ‘à,6,5,1,‚È‚µ,’Pcw,140,1555,1554,1577,1576,1576,1576,-1,-1,-1,-1,-1,-1,Œy„ƒw‹‰ flagship,Œy„ƒz‹‰ flagship,‹ì’€ƒn‹‰ŒãŠúŒ^,‹ì’€ƒ‹‰ŒãŠúŒ^,‹ì’€ƒ‹‰ŒãŠúŒ^,‹ì’€ƒ‹‰ŒãŠúŒ^,-,-,-,-,-,-,1,1,1,1,1,1,-1,-1,-1,-1,-1,-1
754ea39e273fdba9,æŒ­”C–±•”‘à ‘O‰qŠÍ‘à,6,5,1,‚È‚µ,’Pcw,180,1555,1555,1554,1554,1577,1577,-1,-1,-1,-1,-1,-1,Œy„ƒw‹‰ flagship,Œy„ƒw‹‰ flagship,Œy„ƒz‹‰ flagship,Œy„ƒz‹‰ flagship,‹ì’€ƒn‹‰ŒãŠúŒ^,‹ì’€ƒn‹‰ŒãŠúŒ^,-,-,-,-,-,-,1,1,1,1,1,1,-1,-1,-1,-1,-1,-1
c7dbd0b747a48500,æŒ­”C–±•”‘à,6,5,3,‚È‚µ,—ÖŒ`w,240,1618,1543,1591,1591,1575,1575,-1,-1,-1,-1,-1,-1,‹ó•êƒ’‹‰‰ü flagship,íŠÍƒ^‹‰ flagship,Œy„ƒc‹‰,Œy„ƒc‹‰,‹ì’€ƒC‹‰ŒãŠúŒ^,‹ì’€ƒC‹‰ŒãŠúŒ^,-,-,-,-,-,-,1,1,1,1,1,1,-1,-1,-1,-1,-1,-1
6f5c99607f7673d2,æŒ­”C–±•”‘à,6,5,3,‚È‚µ,—ÖŒ`w,240,1618,1543,1594,1591,1575,1575,-1,-1,-1,-1,-1,-1,‹ó•êƒ’‹‰‰ü flagship,íŠÍƒ^‹‰ flagship,d„ƒl‹‰,Œy„ƒc‹‰,‹ì’€ƒC‹‰ŒãŠúŒ^,‹ì’€ƒC‹‰ŒãŠúŒ^,-,-,-,-,-,-,1,1,1,1,1,1,-1,-1,-1,-1,-1,-1
cf21542cedce550a,æŒ­”C–±•”‘à,6,5,3,‚È‚µ,—ÖŒ`w,240,1618,1543,1594,1594,1575,1575,-1,-1,-1,-1,-1,-1,‹ó•êƒ’‹‰‰ü flagship,íŠÍƒ^‹‰ flagship,d„ƒl‹‰,d„ƒl‹‰,‹ì’€ƒC‹‰ŒãŠúŒ^,‹ì’€ƒC‹‰ŒãŠúŒ^,-,-,-,-,-,-,1,1,1,1,1,1,-1,-1,-1,-1,-1,-1
17a3a8b8ae56ae33,æŒ­”C–±•”‘à,6,5,3,‚È‚µ,—ÖŒ`w,270,1618,1543,1592,1591,1576,1576,-1,-1,-1,-1,-1,-1,‹ó•êƒ’‹‰‰ü flagship,íŠÍƒ^‹‰ flagship,Œy„ƒc‹‰ elite,Œy„ƒc‹‰,‹ì’€ƒ‹‰ŒãŠúŒ^,‹ì’€ƒ‹‰ŒãŠúŒ^,-,-,-,-,-,-,1,1,1,1,1,1,-1,-1,-1,-1,-1,-1
3aef581541853855,æŒ­”C–±•”‘à,6,5,3,‚È‚µ,—ÖŒ`w,270,1618,1543,1595,1591,1576,1576,-1,-1,-1,-1,-1,-1,‹ó•êƒ’‹‰‰ü flagship,íŠÍƒ^‹‰ flagship,d„ƒl‹‰ elite,Œy„ƒc‹‰,‹ì’€ƒ‹‰ŒãŠúŒ^,‹ì’€ƒ‹‰ŒãŠúŒ^,-,-,-,-,-,-,1,1,1,1,1,1,-1,-1,-1,-1,-1,-1
fe6b7ea090929c90,æŒ­”C–±•”‘à,6,5,3,‚È‚µ,—ÖŒ`w,300,1618,1543,1595,1595,1577,1577,-1,-1,-1,-1,-1,-1,‹ó•êƒ’‹‰‰ü flagship,íŠÍƒ^‹‰ flagship,d„ƒl‹‰ elite,d„ƒl‹‰ elite,‹ì’€ƒn‹‰ŒãŠúŒ^,‹ì’€ƒn‹‰ŒãŠúŒ^,-,-,-,-,-,-,1,1,1,1,1,1,-1,-1,-1,-1,-1,-1
cfb07233587fddb6,[ŠCŒì‰q‹ó•ê•”‘à BŒQ,6,5,4,‚È‚µ,’Pcw,200,1560,1560,1591,1576,1575,1575,-1,-1,-1,-1,-1,-1,Œy•êƒk‹‰ flagship,Œy•êƒk‹‰ flagship,Œy„ƒc‹‰,‹ì’€ƒ‹‰ŒãŠúŒ^,‹ì’€ƒC‹‰ŒãŠúŒ^,‹ì’€ƒC‹‰ŒãŠúŒ^,-,-,-,-,-,-,1,1,1,1,1,1,-1,-1,-1,-1,-1,-1
4ff6b280f903de35,[ŠCŒì‰q‹ó•ê•”‘à BŒQ,6,5,4,‚È‚µ,’Pcw,240,1560,1560,1595,1591,1576,1576,-1,-1,-1,-1,-1,-1,Œy•êƒk‹‰ flagship,Œy•êƒk‹‰ flagship,d„ƒl‹‰ elite,Œy„ƒc‹‰,‹ì’€ƒ‹‰ŒãŠúŒ^,‹ì’€ƒ‹‰ŒãŠúŒ^,-,-,-,-,-,-,1,1,1,1,1,1,-1,-1,-1,-1,-1,-1
c821227fa8f3c053,[ŠCŒì‰q‹ó•ê•”‘à BŒQ,6,5,4,‚È‚µ,’Pcw,270,1560,1560,1595,1592,1577,1577,-1,-1,-1,-1,-1,-1,Œy•êƒk‹‰ flagship,Œy•êƒk‹‰ flagship,d„ƒl‹‰ elite,Œy„ƒc‹‰ elite,‹ì’€ƒn‹‰ŒãŠúŒ^,‹ì’€ƒn‹‰ŒãŠúŒ^,-,-,-,-,-,-,1,1,1,1,1,1,-1,-1,-1,-1,-1,-1
767052bebe2e405e,[ŠCŒì‰q‹ó•ê•”‘à BŒQ,6,5,4,‚È‚µ,•¡cw,200,1560,1560,1591,1576,1575,1575,-1,-1,-1,-1,-1,-1,Œy•êƒk‹‰ flagship,Œy•êƒk‹‰ flagship,Œy„ƒc‹‰,‹ì’€ƒ‹‰ŒãŠúŒ^,‹ì’€ƒC‹‰ŒãŠúŒ^,‹ì’€ƒC‹‰ŒãŠúŒ^,-,-,-,-,-,-,1,1,1,1,1,1,-1,-1,-1,-1,-1,-1
76859af656af5d97,[ŠCŒì‰q‹ó•ê•”‘à BŒQ,6,5,4,‚È‚µ,•¡cw,240,1560,1560,1595,1591,1576,1576,-1,-1,-1,-1,-1,-1,Œy•êƒk‹‰ flagship,Œy•êƒk‹‰ flagship,d„ƒl‹‰ elite,Œy„ƒc‹‰,‹ì’€ƒ‹‰ŒãŠúŒ^,‹ì’€ƒ‹‰ŒãŠúŒ^,-,-,-,-,-,-,1,1,1,1,1,1,-1,-1,-1,-1,-1,-1
d311eb97f533d2bd,[ŠCŒì‰q‹ó•ê•”‘à BŒQ,6,5,4,‚È‚µ,—ÖŒ`w,200,1560,1560,1591,1576,1575,1575,-1,-1,-1,-1,-1,-1,Œy•êƒk‹‰ flagship,Œy•êƒk‹‰ flagship,Œy„ƒc‹‰,‹ì’€ƒ‹‰ŒãŠúŒ^,‹ì’€ƒC‹‰ŒãŠúŒ^,‹ì’€ƒC‹‰ŒãŠúŒ^,-,-,-,-,-,-,1,1,1,1,1,1,-1,-1,-1,-1,-1,-1
16d3dcb71465c0d0,[ŠCŒì‰q‹ó•ê•”‘à BŒQ,6,5,4,‚È‚µ,—ÖŒ`w,240,1560,1560,1595,1591,1576,1576,-1,-1,-1,-1,-1,-1,Œy•êƒk‹‰ flagship,Œy•êƒk‹‰ flagship,d„ƒl‹‰ elite,Œy„ƒc‹‰,‹ì’€ƒ‹‰ŒãŠúŒ^,‹ì’€ƒ‹‰ŒãŠúŒ^,-,-,-,-,-,-,1,1,1,1,1,1,-1,-1,-1,-1,-1,-1
24ba3a35427c8649,[ŠC”C–±•”‘à ŠÍÚ‹@ŒQ,6,5,7,‚È‚µ,—ÖŒ`w,200,1586,1615,1527,1592,1576,1576,-1,-1,-1,-1,-1,-1,‹ó•ê±•P,‹ó•êƒ’‹‰ flagship,d„ƒŠ‹‰ flagship,Œy„ƒc‹‰ elite,‹ì’€ƒ‹‰ŒãŠúŒ^,‹ì’€ƒ‹‰ŒãŠúŒ^,-,-,-,-,-,-,1,1,1,1,1,1,-1,-1,-1,-1,-1,-1
8984a72824e37830,[ŠC”C–±•”‘à ŠÍÚ‹@ŒQ,6,5,7,‚È‚µ,—ÖŒ`w,250,1586,1615,1615,1592,1577,1577,-1,-1,-1,-1,-1,-1,‹ó•ê±•P,‹ó•êƒ’‹‰ flagship,‹ó•êƒ’‹‰ flagship,Œy„ƒc‹‰ elite,‹ì’€ƒn‹‰ŒãŠúŒ^,‹ì’€ƒn‹‰ŒãŠúŒ^,-,-,-,-,-,-,1,1,1,1,1,1,-1,-1,-1,-1,-1,-1
9fc50db655f1a110,[ŠC”C–±•”‘à ŠÍÚ‹@ŒQ,6,5,7,‚È‚µ,—ÖŒ`w,250,1586,1615,1615,1592,1578,1578,-1,-1,-1,-1,-1,-1,‹ó•ê±•P,‹ó•êƒ’‹‰ flagship,‹ó•êƒ’‹‰ flagship,Œy„ƒc‹‰ elite,‹ì’€ƒj‹‰ŒãŠúŒ^,‹ì’€ƒj‹‰ŒãŠúŒ^,-,-,-,-,-,-,1,1,1,1,1,1,-1,-1,-1,-1,-1,-1
42f05016312e55aa,”C–±•”‘à å—ÍŒQ,6,5,13,‚È‚µ,‘æOŒx‰úqs˜—ñ,500,1586,1615,1527,1592,1576,1576,1555,1527,1575,1575,1575,1575,‹ó•ê±•P,‹ó•êƒ’‹‰ flagship,d„ƒŠ‹‰ flagship,Œy„ƒc‹‰ elite,‹ì’€ƒ‹‰ŒãŠúŒ^,‹ì’€ƒ‹‰ŒãŠúŒ^,Œy„ƒw‹‰ flagship,d„ƒŠ‹‰ flagship,‹ì’€ƒC‹‰ŒãŠúŒ^,‹ì’€ƒC‹‰ŒãŠúŒ^,‹ì’€ƒC‹‰ŒãŠúŒ^,‹ì’€ƒC‹‰ŒãŠúŒ^,1,1,1,1,1,1,1,1,1,1,1,1
1c3abac3f9e26fa7,”C–±•”‘à å—ÍŒQ,6,5,13,‚È‚µ,‘æOŒx‰úqs˜—ñ,520,1586,1615,1615,1592,1577,1577,1555,1527,1527,1577,1575,1575,‹ó•ê±•P,‹ó•êƒ’‹‰ flagship,‹ó•êƒ’‹‰ flagship,Œy„ƒc‹‰ elite,‹ì’€ƒn‹‰ŒãŠúŒ^,‹ì’€ƒn‹‰ŒãŠúŒ^,Œy„ƒw‹‰ flagship,d„ƒŠ‹‰ flagship,d„ƒŠ‹‰ flagship,‹ì’€ƒn‹‰ŒãŠúŒ^,‹ì’€ƒC‹‰ŒãŠúŒ^,‹ì’€ƒC‹‰ŒãŠúŒ^,1,1,1,1,1,1,1,1,1,1,1,1
262c7bf5b1b4410c,”C–±•”‘à å—ÍŒQ,6,5,13,‚È‚µ,‘æOŒx‰úqs˜—ñ,550,1586,1615,1615,1592,1578,1578,1555,1527,1527,1577,1576,1576,‹ó•ê±•P,‹ó•êƒ’‹‰ flagship,‹ó•êƒ’‹‰ flagship,Œy„ƒc‹‰ elite,‹ì’€ƒj‹‰ŒãŠúŒ^,‹ì’€ƒj‹‰ŒãŠúŒ^,Œy„ƒw‹‰ flagship,d„ƒŠ‹‰ flagship,d„ƒŠ‹‰ flagship,‹ì’€ƒn‹‰ŒãŠúŒ^,‹ì’€ƒ‹‰ŒãŠúŒ^,‹ì’€ƒ‹‰ŒãŠúŒ^,1,1,1,1,1,1,1,1,1,1,1,1
